{"version":1,"resource":"file:///e%3A/SKILLFACTORY%20THE%20COURSE%20IS%20TESTING/%D0%A0%D0%95%D0%A8%D0%95%D0%9D%D0%98%D0%95%20%D0%97%D0%90%D0%94%D0%90%D0%A7/Resume/css/style.css","entries":[{"id":"hDMQ.css","timestamp":1714429493214},{"id":"WopY.css","timestamp":1714429545885},{"id":"epfH.css","timestamp":1714429821790},{"id":"BYoB.css","timestamp":1714429963547},{"id":"4jkR.css","timestamp":1714430385642},{"id":"84GY.css","timestamp":1714430731018},{"id":"EAj8.css","timestamp":1714430822468},{"id":"Uhy3.css","timestamp":1714430898909},{"id":"SAzt.css","timestamp":1714430937354},{"id":"VwoC.css","timestamp":1714431010734},{"id":"J1WC.css","timestamp":1714431036019},{"id":"h8Hd.css","timestamp":1714431298984},{"id":"HsAg.css","timestamp":1714431328338},{"id":"jjBt.css","timestamp":1714431502128},{"id":"RUQL.css","timestamp":1714431531013},{"id":"6Mr7.css","timestamp":1714433357898},{"id":"ysla.css","timestamp":1714433394377},{"id":"1Tvn.css","timestamp":1714433558159},{"id":"o3J8.css","timestamp":1714433588234},{"id":"9IFx.css","timestamp":1714433666615},{"id":"JAZY.css","timestamp":1714433708546},{"id":"M4uR.css","timestamp":1714434100784},{"id":"sKwj.css","timestamp":1714434121698},{"id":"miDS.css","timestamp":1714434227355},{"id":"SzaI.css","timestamp":1714434240335},{"id":"mlyE.css","timestamp":1714434535364},{"id":"GuIg.css","timestamp":1714434670591},{"id":"hFOG.css","timestamp":1714434707891},{"id":"SrA0.css","timestamp":1714434807874},{"id":"wkqG.css","timestamp":1714434860939},{"id":"w43V.css","timestamp":1714435276293},{"id":"H2di.css","timestamp":1714435291101},{"id":"RCgW.css","timestamp":1714435321075},{"id":"OSL5.css","timestamp":1714435343299},{"id":"4qIw.css","timestamp":1714496828210},{"id":"IdbP.css","timestamp":1714496941193},{"id":"I8ZJ.css","timestamp":1714497215004},{"id":"oedg.css","timestamp":1714497577811},{"id":"tkt6.css","timestamp":1714497613743},{"id":"Z6Zy.css","timestamp":1714497630659},{"id":"B6b5.css","timestamp":1714497659358},{"id":"V2Gr.css","timestamp":1714497696197},{"id":"UzqZ.css","timestamp":1714497731435},{"id":"o0sY.css","timestamp":1714497809606},{"id":"frbD.css","timestamp":1714497862994},{"id":"6nKo.css","timestamp":1714497881084},{"id":"fMIV.css","timestamp":1714497912567},{"id":"RDUf.css","timestamp":1714498090698},{"id":"2ur2.css","timestamp":1714498252670},{"id":"M52a.css","timestamp":1714498939680}]}