{"version":1,"resource":"file:///e%3A/proect%20python%203/Telegrram-bot/version.py","entries":[{"id":"Reld.py","timestamp":1718980354408},{"id":"MXxW.py","timestamp":1718980376645},{"id":"Emhg.py","timestamp":1718980425008},{"id":"Yect.py","timestamp":1718980552370},{"id":"UTRA.py","timestamp":1718980632857},{"id":"O1jc.py","timestamp":1718980756595},{"id":"08h5.py","timestamp":1718981961592},{"id":"Q4nF.py","timestamp":1718982012430},{"id":"rbv4.py","timestamp":1718985252166},{"id":"HFNs.py","timestamp":1718994158015},{"id":"YJnx.py","timestamp":1718994181408},{"id":"qsy0.py","timestamp":1718994199386},{"id":"DpsT.py","timestamp":1718994233497},{"id":"Gf9Y.py","timestamp":1718994252788},{"id":"Qcdf.py","timestamp":1718994284707},{"id":"jdBi.py","timestamp":1718994313968},{"id":"Ta1A.py","timestamp":1718994351817},{"id":"sExR.py","timestamp":1718994395603},{"id":"f7y4.py","timestamp":1718994429320},{"id":"kXX8.py","timestamp":1718994484838},{"id":"2qQR.py","timestamp":1718994495124},{"id":"JJo0.py","timestamp":1718994520905},{"id":"s0iC.py","timestamp":1718994550403},{"id":"jBhB.py","timestamp":1718994587947},{"id":"MJBv.py","timestamp":1718994770646},{"id":"sg5E.py","timestamp":1718994794031},{"id":"EDJV.py","timestamp":1718994890407},{"id":"o2Uo.py","timestamp":1718994932999},{"id":"hew8.py","timestamp":1718995467374},{"id":"y2Vb.py","timestamp":1718995555264},{"id":"Mu3v.py","timestamp":1718995656795},{"id":"4ZaW.py","timestamp":1718995715407},{"id":"Jvtq.py","timestamp":1718995806301},{"id":"xqlt.py","timestamp":1718996256192},{"id":"dkmf.py","timestamp":1718996280749},{"id":"qk94.py","timestamp":1718996923043},{"id":"2dpu.py","timestamp":1718997200114},{"id":"5Fyv.py","timestamp":1718997248839},{"id":"6CHD.py","timestamp":1718997265826},{"id":"ocHi.py","timestamp":1718997389529},{"id":"kCvK.py","timestamp":1718997596681},{"id":"iJBs.py","timestamp":1718997782424},{"id":"XTv1.py","timestamp":1718998874408},{"id":"U9Rk.py","timestamp":1718999073854},{"id":"KRXj.py","timestamp":1718999230965},{"id":"VBR5.py","timestamp":1718999343841},{"id":"tojz.py","timestamp":1718999422009},{"id":"folY.py","timestamp":1718999484033},{"id":"WNXo.py","timestamp":1718999499843},{"id":"5039.py","timestamp":1719000116311}]}