{"version":1,"resource":"file:///e%3A/SKILLFACTORY%20THE%20COURSE%20IS%20TESTING/%D0%A0%D0%95%D0%A8%D0%95%D0%9D%D0%98%D0%95%20%D0%97%D0%90%D0%94%D0%90%D0%A7/js-start/js/script.js","entries":[{"id":"jRgZ.js","timestamp":1716907720704},{"id":"xq0k.js","timestamp":1718898758721},{"id":"gvfS.js","source":"undoRedo.source","timestamp":1718898770003},{"id":"IdqF.js","timestamp":1718898778236},{"id":"kI0W.js","source":"undoRedo.source","timestamp":1718898782978},{"id":"Mei5.js","timestamp":1718898799843},{"id":"H9PW.js","timestamp":1718958919288}]}