{"version":1,"resource":"file:///e%3A/SKILLFACTORY%20THE%20COURSE%20IS%20TESTING/%D0%A0%D0%95%D0%A8%D0%95%D0%9D%D0%98%D0%95%20%D0%97%D0%90%D0%94%D0%90%D0%A7/js-start/index.html","entries":[{"id":"bSZJ.html","timestamp":1716907137805},{"id":"F66V.html","timestamp":1716907254372},{"id":"BU7J.html","timestamp":1716907371601},{"id":"42zn.html","timestamp":1716907387497},{"id":"ujJf.html","timestamp":1716907606826},{"id":"tQQ9.html","timestamp":1716907714700},{"id":"9mf3.html","timestamp":1716907755773},{"id":"QVL0.html","timestamp":1716907777274},{"id":"9wMk.html","timestamp":1716908192177},{"id":"Wzht.html","timestamp":1716908204295},{"id":"iUFy.html","timestamp":1716908253466},{"id":"Hkbj.html","timestamp":1716908290123},{"id":"FSLL.html","timestamp":1716908356370},{"id":"KANA.html","timestamp":1716908370654},{"id":"JfrF.html","timestamp":1716908415755},{"id":"hNKq.html","timestamp":1716908447033},{"id":"kf30.html","timestamp":1716909302506},{"id":"vUwx.html","timestamp":1716909671123},{"id":"MqlJ.html","timestamp":1716909690615},{"id":"1Az3.html","timestamp":1716909777054},{"id":"4Pqd.html","timestamp":1716909793766},{"id":"JmgN.html","timestamp":1716909818271}]}