{"ref":"cea50d06-df70-4cf1-af0b-f3d0e47c24cd","syncData":{"version":2,"machineId":"751ae827-31bf-4dcd-8afc-d24bac408f59","content":"{\"settings\":\"{\\r\\n  \\\"files.autoSave\\\": \\\"afterDelay\\\",\\r\\n  \\\"editor.wordWrap\\\": \\\"wordWrapColumn\\\",\\r\\n  \\\"editor.formatOnSave\\\": true,\\r\\n  \\\"liveSassCompile.settings.forceBaseDirectory\\\": \\\"\\\",\\r\\n  \\\"liveSassCompile.settings.formats\\\": [\\r\\n    {\\r\\n      \\\"format\\\": \\\"expanded\\\",\\r\\n      \\\"extensionName\\\": \\\".css\\\",\\r\\n      \\\"savePath\\\": \\\"/src/css\\\"\\r\\n    }\\r\\n],\\r\\n\\\"workbench.colorTheme\\\": \\\"Default Dark+\\\",\\r\\n  \\\"editor.detectIndentation\\\": false,\\r\\n  \\\"cSpell.language\\\": \\\"en,ru\\\",\\r\\n  \\\"cSpell.languageSettings\\\": [],\\r\\n  \\\"settingsSync.ignoredExtensions\\\": [\\\"zokugun.sync-settings\\\"],\\r\\n  \\\"settingsSync.ignoredSettings\\\": [],\\r\\n  \\\"workbench.editor.showTabs\\\": \\\"single\\\",\\r\\n  \\\"workbench.iconTheme\\\": \\\"vscode-icons\\\",\\r\\n  \\\"liveServer.settings.donotShowInfoMsg\\\": true,\\r\\n  \\\"terminal.integrated.tabs.location\\\": \\\"left\\\",\\r\\n  \\\"workbench.editor.enablePreview\\\": false,\\r\\n\\\"telemetry.telemetryLevel\\\": \\\"off\\\",\\r\\n\\\"files.trimFinalNewlines\\\": true,\\r\\n\\\"files.trimTrailingWhitespace\\\": true,\\r\\n\\\"files.insertFinalNewline\\\": true,\\r\\n\\\"editor.renderWhitespace\\\": \\\"all\\\",\\r\\n\\\"python.analysis.diagnosticSeverityOverrides\\\": {\\r\\n    \\r\\n}\\r\\n}\"}"}}