{
    "userDataProfilesMigration": true,
    "profileAssociations": {
        "workspaces": {
            "file:///e%3A/Proect%20ai%20site": "__default__profile__",
            "file:///e%3A/%D1%88%D0%B0%D0%B1%D0%BB%D0%BE%D0%BD%D1%8B%20%20bootstrap/%D1%82%D1%83%D1%80%20%D0%B0%D0%B3%D0%B5%D0%BD%D1%81%D1%82%D0%B2%D0%B0/5874_BlueSky": "__default__profile__",
            "file:///e%3A/SKILLFACTORY%20THE%20COURSE%20IS%20TESTING/%D0%A0%D0%95%D0%A8%D0%95%D0%9D%D0%98%D0%95%20%D0%97%D0%90%D0%94%D0%90%D0%A7/Resume": "__default__profile__",
            "file:///e%3A/SKILLFACTORY%20THE%20COURSE%20IS%20TESTING/%D0%A0%D0%95%D0%A8%D0%95%D0%9D%D0%98%D0%95%20%D0%97%D0%90%D0%94%D0%90%D0%A7/docker%2001": "__default__profile__",
            "file:///e%3A/SKILLFACTORY%20THE%20COURSE%20IS%20TESTING/%D0%A0%D0%95%D0%A8%D0%95%D0%9D%D0%98%D0%95%20%D0%97%D0%90%D0%94%D0%90%D0%A7/LES_ITPRODUCT": "__default__profile__",
            "file:///e%3A/SKILLFACTORY%20THE%20COURSE%20IS%20TESTING/%D0%A0%D0%95%D0%A8%D0%95%D0%9D%D0%98%D0%95%20%D0%97%D0%90%D0%94%D0%90%D0%A7/js-start": "__default__profile__",
            "file:///e%3A/SKILLFACTORY%20THE%20COURSE%20IS%20TESTING/%D0%A0%D0%95%D0%A8%D0%95%D0%9D%D0%98%D0%95%20%D0%97%D0%90%D0%94%D0%90%D0%A7/js-start/js": "__default__profile__",
            "file:///e%3A/proect%20python%203/Telegrram-bot": "__default__profile__"
        },
        "emptyWindows": {}
    },
    "profileAssociationsMigration": true,
    "telemetry.machineId": "5e8d11d70a4c200beb53ef53444d0e5abb74c2c724f53405ebc565b3346a3239",
    "backupWorkspaces": {
        "workspaces": [],
        "folders": [
            {
                "folderUri": "file:///e%3A/proect%20python%203/Telegrram-bot"
            }
        ],
        "emptyWindows": []
    },
    "windowControlHeight": 35,
    "theme": "vs-dark",
    "themeBackground": "#1e1e1e",
    "windowSplash": {
        "zoomLevel": 0,
        "baseTheme": "vs-dark",
        "colorInfo": {
            "foreground": "#cccccc",
            "background": "#1e1e1e",
            "editorBackground": "#1e1e1e",
            "titleBarBackground": "#3c3c3c",
            "activityBarBackground": "#333333",
            "sideBarBackground": "#252526",
            "statusBarBackground": "#007acc",
            "statusBarNoFolderBackground": "#68217a"
        },
        "layoutInfo": {
            "sideBarSide": "left",
            "editorPartMinWidth": 220,
            "titleBarHeight": 35,
            "activityBarWidth": 48,
            "sideBarWidth": 354,
            "statusBarHeight": 22,
            "windowBorder": false
        }
    },
    "windowsState": {
        "lastActiveWindow": {
            "folder": "file:///e%3A/proect%20python%203/Telegrram-bot",
            "backupPath": "C:\\Users\\yuriy\\AppData\\Roaming\\Code\\Backups\\b9c290862451d305151d5da2d8b59078",
            "uiState": {
                "mode": 1,
                "x": -1416,
                "y": 280,
                "width": 1252,
                "height": 724
            }
        },
        "openedWindows": []
    },
    "telemetry.sqmId": "{D2322246-0E7C-4B40-A231-F11B67A13D26}",
    "telemetry.devDeviceId": "d87f1a96-fd4f-434a-bd6e-01c91d51ff3b"
}