{"ref":"5863ba1f-4bf0-4961-b830-6bce95f9581e","syncData":{"version":1,"machineId":"751ae827-31bf-4dcd-8afc-d24bac408f59","content":"{\"storage\":{\"workbench.panel.markers.hidden\":{\"version\":1,\"value\":\"[{\\\"id\\\":\\\"workbench.panel.markers.view\\\",\\\"isHidden\\\":false}]\"},\"workbench.panel.output.hidden\":{\"version\":1,\"value\":\"[{\\\"id\\\":\\\"workbench.panel.output\\\",\\\"isHidden\\\":false}]\"},\"terminal.hidden\":{\"version\":1,\"value\":\"[{\\\"id\\\":\\\"terminal\\\",\\\"isHidden\\\":false}]\"},\"workbench.explorer.views.state.hidden\":{\"version\":1,\"value\":\"[{\\\"id\\\":\\\"outline\\\",\\\"isHidden\\\":true},{\\\"id\\\":\\\"timeline\\\",\\\"isHidden\\\":true},{\\\"id\\\":\\\"workbench.explorer.openEditorsView\\\",\\\"isHidden\\\":false},{\\\"id\\\":\\\"workbench.explorer.emptyView\\\",\\\"isHidden\\\":false},{\\\"id\\\":\\\"npm\\\",\\\"isHidden\\\":true},{\\\"id\\\":\\\"workbench.explorer.fileView\\\",\\\"isHidden\\\":false},{\\\"id\\\":\\\"gitlens.views.graph\\\",\\\"isHidden\\\":false},{\\\"id\\\":\\\"gitlens.views.graphDetails\\\",\\\"isHidden\\\":false},{\\\"id\\\":\\\"gitlens.views.home\\\",\\\"isHidden\\\":false},{\\\"id\\\":\\\"gitlens.views.drafts\\\",\\\"isHidden\\\":false},{\\\"id\\\":\\\"gitlens.views.workspaces\\\",\\\"isHidden\\\":false},{\\\"id\\\":\\\"gitlens.views.account\\\",\\\"isHidden\\\":false},{\\\"id\\\":\\\"gitlens.views.commitDetails\\\",\\\"isHidden\\\":false},{\\\"id\\\":\\\"gitlens.views.lineHistory\\\",\\\"isHidden\\\":false},{\\\"id\\\":\\\"gitlens.views.fileHistory\\\",\\\"isHidden\\\":false},{\\\"id\\\":\\\"gitlens.views.timeline\\\",\\\"isHidden\\\":false},{\\\"id\\\":\\\"gitlens.views.searchAndCompare\\\",\\\"isHidden\\\":false}]\"},\"workbench.scm.views.state.hidden\":{\"version\":1,\"value\":\"[{\\\"id\\\":\\\"workbench.scm.repositories\\\",\\\"isHidden\\\":true},{\\\"id\\\":\\\"workbench.scm\\\",\\\"isHidden\\\":false},{\\\"id\\\":\\\"gitlens.views.repositories\\\",\\\"isHidden\\\":false},{\\\"id\\\":\\\"gitlens.views.commits\\\",\\\"isHidden\\\":false},{\\\"id\\\":\\\"gitlens.views.branches\\\",\\\"isHidden\\\":false},{\\\"id\\\":\\\"gitlens.views.remotes\\\",\\\"isHidden\\\":false},{\\\"id\\\":\\\"gitlens.views.stashes\\\",\\\"isHidden\\\":false},{\\\"id\\\":\\\"gitlens.views.tags\\\",\\\"isHidden\\\":false},{\\\"id\\\":\\\"gitlens.views.worktrees\\\",\\\"isHidden\\\":false},{\\\"id\\\":\\\"gitlens.views.contributors\\\",\\\"isHidden\\\":false}]\"},\"workbench.view.search.state.hidden\":{\"version\":1,\"value\":\"[{\\\"id\\\":\\\"workbench.view.search\\\",\\\"isHidden\\\":false}]\"},\"workbench.activity.pinnedViewlets2\":{\"version\":1,\"value\":\"[{\\\"id\\\":\\\"workbench.view.explorer\\\",\\\"pinned\\\":true,\\\"visible\\\":true,\\\"order\\\":0},{\\\"id\\\":\\\"workbench.view.search\\\",\\\"pinned\\\":true,\\\"visible\\\":true,\\\"order\\\":1},{\\\"id\\\":\\\"workbench.view.scm\\\",\\\"pinned\\\":true,\\\"visible\\\":true,\\\"order\\\":2},{\\\"id\\\":\\\"workbench.view.debug\\\",\\\"pinned\\\":true,\\\"visible\\\":true,\\\"order\\\":3},{\\\"id\\\":\\\"workbench.view.extensions\\\",\\\"pinned\\\":true,\\\"visible\\\":true,\\\"order\\\":4},{\\\"id\\\":\\\"workbench.view.remote\\\",\\\"pinned\\\":true,\\\"visible\\\":true,\\\"order\\\":4},{\\\"id\\\":\\\"workbench.view.extension.test\\\",\\\"pinned\\\":true,\\\"visible\\\":false,\\\"order\\\":6},{\\\"id\\\":\\\"workbench.view.extension.references-view\\\",\\\"pinned\\\":true,\\\"visible\\\":false,\\\"order\\\":7},{\\\"id\\\":\\\"workbench.view.extension.dockerView\\\",\\\"pinned\\\":true,\\\"visible\\\":false,\\\"order\\\":17},{\\\"id\\\":\\\"workbench.view.extension.project-manager\\\",\\\"pinned\\\":true,\\\"visible\\\":false,\\\"order\\\":8},{\\\"id\\\":\\\"workbench.view.extension.cspell-explorer\\\",\\\"pinned\\\":true,\\\"visible\\\":false,\\\"order\\\":18},{\\\"id\\\":\\\"workbench.view.extension.github-cweijan-mysql\\\",\\\"pinned\\\":true,\\\"visible\\\":false,\\\"order\\\":9},{\\\"id\\\":\\\"workbench.view.extension.github-dbclient-history\\\",\\\"pinned\\\":true,\\\"visible\\\":false,\\\"order\\\":10},{\\\"id\\\":\\\"workbench.view.extension.github-cweijan-nosql\\\",\\\"pinned\\\":true,\\\"visible\\\":false,\\\"order\\\":11},{\\\"id\\\":\\\"workbench.view.extension.gitlens\\\",\\\"pinned\\\":true,\\\"visible\\\":false,\\\"order\\\":13},{\\\"id\\\":\\\"workbench.view.extension.gitlensInspect\\\",\\\"pinned\\\":true,\\\"visible\\\":false,\\\"order\\\":14},{\\\"id\\\":\\\"workbench.view.extension.gitlensPatch\\\",\\\"pinned\\\":true,\\\"visible\\\":false,\\\"order\\\":15},{\\\"id\\\":\\\"workbench.view.extension.gigacode\\\",\\\"pinned\\\":true,\\\"visible\\\":false,\\\"order\\\":16},{\\\"id\\\":\\\"workbench.view.extension.package-explorer\\\",\\\"pinned\\\":true,\\\"visible\\\":false,\\\"order\\\":12},{\\\"id\\\":\\\"workbench.panel.chatSidebar\\\",\\\"pinned\\\":true,\\\"visible\\\":false,\\\"order\\\":100},{\\\"id\\\":\\\"userDataProfiles\\\",\\\"pinned\\\":true,\\\"visible\\\":false},{\\\"id\\\":\\\"workbench.view.sync\\\",\\\"pinned\\\":true,\\\"visible\\\":false},{\\\"id\\\":\\\"workbench.view.editSessions\\\",\\\"pinned\\\":true,\\\"visible\\\":false}]\"},\"workbench.view.debug.state.hidden\":{\"version\":1,\"value\":\"[{\\\"id\\\":\\\"workbench.debug.welcome\\\",\\\"isHidden\\\":true},{\\\"id\\\":\\\"workbench.debug.variablesView\\\",\\\"isHidden\\\":false},{\\\"id\\\":\\\"workbench.debug.watchExpressionsView\\\",\\\"isHidden\\\":false},{\\\"id\\\":\\\"workbench.debug.callStackView\\\",\\\"isHidden\\\":false},{\\\"id\\\":\\\"workbench.debug.loadedScriptsView\\\",\\\"isHidden\\\":false},{\\\"id\\\":\\\"workbench.debug.breakPointsView\\\",\\\"isHidden\\\":false},{\\\"id\\\":\\\"jsBrowserBreakpoints\\\",\\\"isHidden\\\":false},{\\\"id\\\":\\\"jsExcludedCallers\\\",\\\"isHidden\\\":false}]\"},\"nps/lastSessionDate\":{\"version\":1,\"value\":\"Wed May 01 2024\"},\"nps/sessionCount\":{\"version\":1,\"value\":\"9\"},\"workbench.telemetryOptOutShown\":{\"version\":1,\"value\":\"true\"},\"memento/gettingStartedService\":{\"version\":1,\"value\":\"{\\\"pickColorTheme\\\":{\\\"done\\\":true},\\\"settings\\\":{\\\"done\\\":true},\\\"installGit\\\":{\\\"done\\\":true},\\\"pickAFolderTask-Other\\\":{\\\"done\\\":true},\\\"ms-python.python#pythonWelcome2#python.createPythonFolder\\\":{\\\"done\\\":true},\\\"ms-python.python#pythonDataScienceWelcome#python.createNewNotebook\\\":{\\\"done\\\":true},\\\"ms-azuretools.vscode-docker#dockerStart#openFolder\\\":{\\\"done\\\":true},\\\"ms-python.python#pythonWelcome#python.createPythonFile\\\":{\\\"done\\\":true},\\\"ms-python.python#pythonWelcome2#python.createPythonFile\\\":{\\\"done\\\":true},\\\"ms-vscode-remote.remote-wsl#wslWalkthrough#create.project\\\":{\\\"done\\\":true},\\\"ms-azuretools.vscode-docker#dockerStart#dockerExplorer\\\":{\\\"done\\\":true},\\\"ms-python.python#pythonWelcome#python.createPythonFolder\\\":{\\\"done\\\":true},\\\"commandPaletteTask\\\":{\\\"done\\\":true},\\\"commandPaletteTaskWeb\\\":{\\\"done\\\":true},\\\"terminal\\\":{\\\"done\\\":true},\\\"alefragnani.project-manager#projectManagerWelcome#autoDetectGitRepositories\\\":{\\\"done\\\":true},\\\"ms-vscode-remote.remote-wsl#wslWalkthrough#run.debug\\\":{\\\"done\\\":true}}\"},\"workbench.statusbar.hidden\":{\"version\":1,\"value\":\"[\\\"status.workspaceTrust.1710346518889\\\"]\"},\"themeUpdatedNotificationShown\":{\"version\":1,\"value\":\"true\"},\"workbench.panel.repl.hidden\":{\"version\":1,\"value\":\"[{\\\"id\\\":\\\"workbench.panel.repl.view\\\",\\\"isHidden\\\":false}]\"},\"workbench.panel.pinnedPanels\":{\"version\":1,\"value\":\"[{\\\"id\\\":\\\"workbench.panel.markers\\\",\\\"pinned\\\":true,\\\"visible\\\":true,\\\"order\\\":0},{\\\"id\\\":\\\"workbench.panel.output\\\",\\\"pinned\\\":false,\\\"visible\\\":true,\\\"order\\\":1},{\\\"id\\\":\\\"workbench.panel.repl\\\",\\\"pinned\\\":true,\\\"visible\\\":true,\\\"order\\\":2},{\\\"id\\\":\\\"terminal\\\",\\\"pinned\\\":true,\\\"visible\\\":true,\\\"order\\\":3},{\\\"id\\\":\\\"workbench.panel.testResults\\\",\\\"pinned\\\":true,\\\"visible\\\":false,\\\"order\\\":3},{\\\"id\\\":\\\"~remote.forwardedPortsContainer\\\",\\\"pinned\\\":false,\\\"visible\\\":true,\\\"order\\\":5},{\\\"id\\\":\\\"workbench.view.extension.dbclient-search-result\\\",\\\"pinned\\\":true,\\\"visible\\\":false,\\\"order\\\":6},{\\\"id\\\":\\\"workbench.view.extension.gitlensPanel\\\",\\\"pinned\\\":true,\\\"visible\\\":false,\\\"order\\\":7},{\\\"id\\\":\\\"refactorPreview\\\",\\\"pinned\\\":true,\\\"visible\\\":false}]\"},\"colorThemeData\":{\"version\":1,\"value\":\"{\\\"id\\\":\\\"vs-dark vscode-theme-defaults-themes-dark_plus-json\\\",\\\"label\\\":\\\"Dark+\\\",\\\"settingsId\\\":\\\"Default Dark+\\\",\\\"themeTokenColors\\\":[{\\\"settings\\\":{\\\"foreground\\\":\\\"#D4D4D4\\\"},\\\"scope\\\":[\\\"meta.embedded\\\",\\\"source.groovy.embedded\\\",\\\"string meta.image.inline.markdown\\\",\\\"variable.legacy.builtin.python\\\"]},{\\\"settings\\\":{\\\"fontStyle\\\":\\\"italic\\\"},\\\"scope\\\":\\\"emphasis\\\"},{\\\"settings\\\":{\\\"fontStyle\\\":\\\"bold\\\"},\\\"scope\\\":\\\"strong\\\"},{\\\"settings\\\":{\\\"foreground\\\":\\\"#000080\\\"},\\\"scope\\\":\\\"header\\\"},{\\\"settings\\\":{\\\"foreground\\\":\\\"#6A9955\\\"},\\\"scope\\\":\\\"comment\\\"},{\\\"settings\\\":{\\\"foreground\\\":\\\"#569cd6\\\"},\\\"scope\\\":\\\"constant.language\\\"},{\\\"settings\\\":{\\\"foreground\\\":\\\"#b5cea8\\\"},\\\"scope\\\":[\\\"constant.numeric\\\",\\\"variable.other.enummember\\\",\\\"keyword.operator.plus.exponent\\\",\\\"keyword.operator.minus.exponent\\\"]},{\\\"settings\\\":{\\\"foreground\\\":\\\"#646695\\\"},\\\"scope\\\":\\\"constant.regexp\\\"},{\\\"settings\\\":{\\\"foreground\\\":\\\"#569cd6\\\"},\\\"scope\\\":\\\"entity.name.tag\\\"},{\\\"settings\\\":{\\\"foreground\\\":\\\"#d7ba7d\\\"},\\\"scope\\\":[\\\"entity.name.tag.css\\\",\\\"entity.name.tag.less\\\"]},{\\\"settings\\\":{\\\"foreground\\\":\\\"#9cdcfe\\\"},\\\"scope\\\":\\\"entity.other.attribute-name\\\"},{\\\"settings\\\":{\\\"foreground\\\":\\\"#d7ba7d\\\"},\\\"scope\\\":[\\\"entity.other.attribute-name.class.css\\\",\\\"source.css entity.other.attribute-name.class\\\",\\\"entity.other.attribute-name.id.css\\\",\\\"entity.other.attribute-name.parent-selector.css\\\",\\\"entity.other.attribute-name.parent.less\\\",\\\"source.css entity.other.attribute-name.pseudo-class\\\",\\\"entity.other.attribute-name.pseudo-element.css\\\",\\\"source.css.less entity.other.attribute-name.id\\\",\\\"entity.other.attribute-name.scss\\\"]},{\\\"settings\\\":{\\\"foreground\\\":\\\"#f44747\\\"},\\\"scope\\\":\\\"invalid\\\"},{\\\"settings\\\":{\\\"fontStyle\\\":\\\"underline\\\"},\\\"scope\\\":\\\"markup.underline\\\"},{\\\"settings\\\":{\\\"fontStyle\\\":\\\"bold\\\",\\\"foreground\\\":\\\"#569cd6\\\"},\\\"scope\\\":\\\"markup.bold\\\"},{\\\"settings\\\":{\\\"fontStyle\\\":\\\"bold\\\",\\\"foreground\\\":\\\"#569cd6\\\"},\\\"scope\\\":\\\"markup.heading\\\"},{\\\"settings\\\":{\\\"fontStyle\\\":\\\"italic\\\"},\\\"scope\\\":\\\"markup.italic\\\"},{\\\"settings\\\":{\\\"fontStyle\\\":\\\"strikethrough\\\"},\\\"scope\\\":\\\"markup.strikethrough\\\"},{\\\"settings\\\":{\\\"foreground\\\":\\\"#b5cea8\\\"},\\\"scope\\\":\\\"markup.inserted\\\"},{\\\"settings\\\":{\\\"foreground\\\":\\\"#ce9178\\\"},\\\"scope\\\":\\\"markup.deleted\\\"},{\\\"settings\\\":{\\\"foreground\\\":\\\"#569cd6\\\"},\\\"scope\\\":\\\"markup.changed\\\"},{\\\"settings\\\":{\\\"foreground\\\":\\\"#6A9955\\\"},\\\"scope\\\":\\\"punctuation.definition.quote.begin.markdown\\\"},{\\\"settings\\\":{\\\"foreground\\\":\\\"#6796e6\\\"},\\\"scope\\\":\\\"punctuation.definition.list.begin.markdown\\\"},{\\\"settings\\\":{\\\"foreground\\\":\\\"#ce9178\\\"},\\\"scope\\\":\\\"markup.inline.raw\\\"},{\\\"settings\\\":{\\\"foreground\\\":\\\"#808080\\\"},\\\"scope\\\":\\\"punctuation.definition.tag\\\"},{\\\"settings\\\":{\\\"foreground\\\":\\\"#569cd6\\\"},\\\"scope\\\":[\\\"meta.preprocessor\\\",\\\"entity.name.function.preprocessor\\\"]},{\\\"settings\\\":{\\\"foreground\\\":\\\"#ce9178\\\"},\\\"scope\\\":\\\"meta.preprocessor.string\\\"},{\\\"settings\\\":{\\\"foreground\\\":\\\"#b5cea8\\\"},\\\"scope\\\":\\\"meta.preprocessor.numeric\\\"},{\\\"settings\\\":{\\\"foreground\\\":\\\"#9cdcfe\\\"},\\\"scope\\\":\\\"meta.structure.dictionary.key.python\\\"},{\\\"settings\\\":{\\\"foreground\\\":\\\"#569cd6\\\"},\\\"scope\\\":\\\"meta.diff.header\\\"},{\\\"settings\\\":{\\\"foreground\\\":\\\"#569cd6\\\"},\\\"scope\\\":\\\"storage\\\"},{\\\"settings\\\":{\\\"foreground\\\":\\\"#569cd6\\\"},\\\"scope\\\":\\\"storage.type\\\"},{\\\"settings\\\":{\\\"foreground\\\":\\\"#569cd6\\\"},\\\"scope\\\":[\\\"storage.modifier\\\",\\\"keyword.operator.noexcept\\\"]},{\\\"settings\\\":{\\\"foreground\\\":\\\"#ce9178\\\"},\\\"scope\\\":[\\\"string\\\",\\\"meta.embedded.assembly\\\"]},{\\\"settings\\\":{\\\"foreground\\\":\\\"#ce9178\\\"},\\\"scope\\\":\\\"string.tag\\\"},{\\\"settings\\\":{\\\"foreground\\\":\\\"#ce9178\\\"},\\\"scope\\\":\\\"string.value\\\"},{\\\"settings\\\":{\\\"foreground\\\":\\\"#d16969\\\"},\\\"scope\\\":\\\"string.regexp\\\"},{\\\"settings\\\":{\\\"foreground\\\":\\\"#569cd6\\\"},\\\"scope\\\":[\\\"punctuation.definition.template-expression.begin\\\",\\\"punctuation.definition.template-expression.end\\\",\\\"punctuation.section.embedded\\\"]},{\\\"settings\\\":{\\\"foreground\\\":\\\"#d4d4d4\\\"},\\\"scope\\\":[\\\"meta.template.expression\\\"]},{\\\"settings\\\":{\\\"foreground\\\":\\\"#9cdcfe\\\"},\\\"scope\\\":[\\\"support.type.vendored.property-name\\\",\\\"support.type.property-name\\\",\\\"source.css variable\\\",\\\"source.coffee.embedded\\\"]},{\\\"settings\\\":{\\\"foreground\\\":\\\"#569cd6\\\"},\\\"scope\\\":\\\"keyword\\\"},{\\\"settings\\\":{\\\"foreground\\\":\\\"#569cd6\\\"},\\\"scope\\\":\\\"keyword.control\\\"},{\\\"settings\\\":{\\\"foreground\\\":\\\"#d4d4d4\\\"},\\\"scope\\\":\\\"keyword.operator\\\"},{\\\"settings\\\":{\\\"foreground\\\":\\\"#569cd6\\\"},\\\"scope\\\":[\\\"keyword.operator.new\\\",\\\"keyword.operator.expression\\\",\\\"keyword.operator.cast\\\",\\\"keyword.operator.sizeof\\\",\\\"keyword.operator.alignof\\\",\\\"keyword.operator.typeid\\\",\\\"keyword.operator.alignas\\\",\\\"keyword.operator.instanceof\\\",\\\"keyword.operator.logical.python\\\",\\\"keyword.operator.wordlike\\\"]},{\\\"settings\\\":{\\\"foreground\\\":\\\"#b5cea8\\\"},\\\"scope\\\":\\\"keyword.other.unit\\\"},{\\\"settings\\\":{\\\"foreground\\\":\\\"#569cd6\\\"},\\\"scope\\\":[\\\"punctuation.section.embedded.begin.php\\\",\\\"punctuation.section.embedded.end.php\\\"]},{\\\"settings\\\":{\\\"foreground\\\":\\\"#9cdcfe\\\"},\\\"scope\\\":\\\"support.function.git-rebase\\\"},{\\\"settings\\\":{\\\"foreground\\\":\\\"#b5cea8\\\"},\\\"scope\\\":\\\"constant.sha.git-rebase\\\"},{\\\"settings\\\":{\\\"foreground\\\":\\\"#d4d4d4\\\"},\\\"scope\\\":[\\\"storage.modifier.import.java\\\",\\\"variable.language.wildcard.java\\\",\\\"storage.modifier.package.java\\\"]},{\\\"settings\\\":{\\\"foreground\\\":\\\"#569cd6\\\"},\\\"scope\\\":\\\"variable.language\\\"},{\\\"settings\\\":{\\\"foreground\\\":\\\"#DCDCAA\\\"},\\\"scope\\\":[\\\"entity.name.function\\\",\\\"support.function\\\",\\\"support.constant.handlebars\\\",\\\"source.powershell variable.other.member\\\",\\\"entity.name.operator.custom-literal\\\"]},{\\\"settings\\\":{\\\"foreground\\\":\\\"#4EC9B0\\\"},\\\"scope\\\":[\\\"support.class\\\",\\\"support.type\\\",\\\"entity.name.type\\\",\\\"entity.name.namespace\\\",\\\"entity.other.attribute\\\",\\\"entity.name.scope-resolution\\\",\\\"entity.name.class\\\",\\\"storage.type.numeric.go\\\",\\\"storage.type.byte.go\\\",\\\"storage.type.boolean.go\\\",\\\"storage.type.string.go\\\",\\\"storage.type.uintptr.go\\\",\\\"storage.type.error.go\\\",\\\"storage.type.rune.go\\\",\\\"storage.type.cs\\\",\\\"storage.type.generic.cs\\\",\\\"storage.type.modifier.cs\\\",\\\"storage.type.variable.cs\\\",\\\"storage.type.annotation.java\\\",\\\"storage.type.generic.java\\\",\\\"storage.type.java\\\",\\\"storage.type.object.array.java\\\",\\\"storage.type.primitive.array.java\\\",\\\"storage.type.primitive.java\\\",\\\"storage.type.token.java\\\",\\\"storage.type.groovy\\\",\\\"storage.type.annotation.groovy\\\",\\\"storage.type.parameters.groovy\\\",\\\"storage.type.generic.groovy\\\",\\\"storage.type.object.array.groovy\\\",\\\"storage.type.primitive.array.groovy\\\",\\\"storage.type.primitive.groovy\\\"]},{\\\"settings\\\":{\\\"foreground\\\":\\\"#4EC9B0\\\"},\\\"scope\\\":[\\\"meta.type.cast.expr\\\",\\\"meta.type.new.expr\\\",\\\"support.constant.math\\\",\\\"support.constant.dom\\\",\\\"support.constant.json\\\",\\\"entity.other.inherited-class\\\"]},{\\\"settings\\\":{\\\"foreground\\\":\\\"#C586C0\\\"},\\\"scope\\\":[\\\"keyword.control\\\",\\\"source.cpp keyword.operator.new\\\",\\\"keyword.operator.delete\\\",\\\"keyword.other.using\\\",\\\"keyword.other.directive.using\\\",\\\"keyword.other.operator\\\",\\\"entity.name.operator\\\"]},{\\\"settings\\\":{\\\"foreground\\\":\\\"#9CDCFE\\\"},\\\"scope\\\":[\\\"variable\\\",\\\"meta.definition.variable.name\\\",\\\"support.variable\\\",\\\"entity.name.variable\\\",\\\"constant.other.placeholder\\\"]},{\\\"settings\\\":{\\\"foreground\\\":\\\"#4FC1FF\\\"},\\\"scope\\\":[\\\"variable.other.constant\\\",\\\"variable.other.enummember\\\"]},{\\\"settings\\\":{\\\"foreground\\\":\\\"#9CDCFE\\\"},\\\"scope\\\":[\\\"meta.object-literal.key\\\"]},{\\\"settings\\\":{\\\"foreground\\\":\\\"#CE9178\\\"},\\\"scope\\\":[\\\"support.constant.property-value\\\",\\\"support.constant.font-name\\\",\\\"support.constant.media-type\\\",\\\"support.constant.media\\\",\\\"constant.other.color.rgb-value\\\",\\\"constant.other.rgb-value\\\",\\\"support.constant.color\\\"]},{\\\"settings\\\":{\\\"foreground\\\":\\\"#CE9178\\\"},\\\"scope\\\":[\\\"punctuation.definition.group.regexp\\\",\\\"punctuation.definition.group.assertion.regexp\\\",\\\"punctuation.definition.character-class.regexp\\\",\\\"punctuation.character.set.begin.regexp\\\",\\\"punctuation.character.set.end.regexp\\\",\\\"keyword.operator.negation.regexp\\\",\\\"support.other.parenthesis.regexp\\\"]},{\\\"settings\\\":{\\\"foreground\\\":\\\"#d16969\\\"},\\\"scope\\\":[\\\"constant.character.character-class.regexp\\\",\\\"constant.other.character-class.set.regexp\\\",\\\"constant.other.character-class.regexp\\\",\\\"constant.character.set.regexp\\\"]},{\\\"settings\\\":{\\\"foreground\\\":\\\"#DCDCAA\\\"},\\\"scope\\\":[\\\"keyword.operator.or.regexp\\\",\\\"keyword.control.anchor.regexp\\\"]},{\\\"settings\\\":{\\\"foreground\\\":\\\"#d7ba7d\\\"},\\\"scope\\\":\\\"keyword.operator.quantifier.regexp\\\"},{\\\"settings\\\":{\\\"foreground\\\":\\\"#569cd6\\\"},\\\"scope\\\":[\\\"constant.character\\\",\\\"constant.other.option\\\"]},{\\\"settings\\\":{\\\"foreground\\\":\\\"#d7ba7d\\\"},\\\"scope\\\":\\\"constant.character.escape\\\"},{\\\"settings\\\":{\\\"foreground\\\":\\\"#C8C8C8\\\"},\\\"scope\\\":\\\"entity.name.label\\\"}],\\\"semanticTokenRules\\\":[{\\\"_selector\\\":\\\"newOperator\\\",\\\"_style\\\":{\\\"_foreground\\\":\\\"#d4d4d4\\\",\\\"_bold\\\":null,\\\"_underline\\\":null,\\\"_italic\\\":null,\\\"_strikethrough\\\":null}},{\\\"_selector\\\":\\\"stringLiteral\\\",\\\"_style\\\":{\\\"_foreground\\\":\\\"#ce9178\\\",\\\"_bold\\\":null,\\\"_underline\\\":null,\\\"_italic\\\":null,\\\"_strikethrough\\\":null}},{\\\"_selector\\\":\\\"customLiteral\\\",\\\"_style\\\":{\\\"_foreground\\\":\\\"#d4d4d4\\\",\\\"_bold\\\":null,\\\"_underline\\\":null,\\\"_italic\\\":null,\\\"_strikethrough\\\":null}},{\\\"_selector\\\":\\\"numberLiteral\\\",\\\"_style\\\":{\\\"_foreground\\\":\\\"#b5cea8\\\",\\\"_bold\\\":null,\\\"_underline\\\":null,\\\"_italic\\\":null,\\\"_strikethrough\\\":null}},{\\\"_selector\\\":\\\"newOperator\\\",\\\"_style\\\":{\\\"_foreground\\\":\\\"#c586c0\\\",\\\"_bold\\\":null,\\\"_underline\\\":null,\\\"_italic\\\":null,\\\"_strikethrough\\\":null}},{\\\"_selector\\\":\\\"stringLiteral\\\",\\\"_style\\\":{\\\"_foreground\\\":\\\"#ce9178\\\",\\\"_bold\\\":null,\\\"_underline\\\":null,\\\"_italic\\\":null,\\\"_strikethrough\\\":null}},{\\\"_selector\\\":\\\"customLiteral\\\",\\\"_style\\\":{\\\"_foreground\\\":\\\"#dcdcaa\\\",\\\"_bold\\\":null,\\\"_underline\\\":null,\\\"_italic\\\":null,\\\"_strikethrough\\\":null}},{\\\"_selector\\\":\\\"numberLiteral\\\",\\\"_style\\\":{\\\"_foreground\\\":\\\"#b5cea8\\\",\\\"_bold\\\":null,\\\"_underline\\\":null,\\\"_italic\\\":null,\\\"_strikethrough\\\":null}}],\\\"extensionData\\\":{\\\"_extensionId\\\":\\\"vscode.theme-defaults\\\",\\\"_extensionIsBuiltin\\\":true,\\\"_extensionName\\\":\\\"theme-defaults\\\",\\\"_extensionPublisher\\\":\\\"vscode\\\"},\\\"themeSemanticHighlighting\\\":true,\\\"colorMap\\\":{\\\"checkbox.border\\\":\\\"#6b6b6b\\\",\\\"editor.background\\\":\\\"#1e1e1e\\\",\\\"editor.foreground\\\":\\\"#d4d4d4\\\",\\\"editor.inactiveSelectionBackground\\\":\\\"#3a3d41\\\",\\\"editorIndentGuide.background1\\\":\\\"#404040\\\",\\\"editorIndentGuide.activeBackground1\\\":\\\"#707070\\\",\\\"editor.selectionHighlightBackground\\\":\\\"#add6ff26\\\",\\\"list.dropBackground\\\":\\\"#383b3d\\\",\\\"activityBarBadge.background\\\":\\\"#007acc\\\",\\\"sideBarTitle.foreground\\\":\\\"#bbbbbb\\\",\\\"input.placeholderForeground\\\":\\\"#a6a6a6\\\",\\\"menu.background\\\":\\\"#252526\\\",\\\"menu.foreground\\\":\\\"#cccccc\\\",\\\"menu.separatorBackground\\\":\\\"#454545\\\",\\\"menu.border\\\":\\\"#454545\\\",\\\"statusBarItem.remoteForeground\\\":\\\"#ffffff\\\",\\\"statusBarItem.remoteBackground\\\":\\\"#16825d\\\",\\\"ports.iconRunningProcessForeground\\\":\\\"#369432\\\",\\\"sideBarSectionHeader.background\\\":\\\"#00000000\\\",\\\"sideBarSectionHeader.border\\\":\\\"#cccccc33\\\",\\\"tab.selectedBackground\\\":\\\"#222222\\\",\\\"tab.selectedForeground\\\":\\\"#ffffffa0\\\",\\\"tab.lastPinnedBorder\\\":\\\"#cccccc33\\\",\\\"list.activeSelectionIconForeground\\\":\\\"#ffffff\\\",\\\"terminal.inactiveSelectionBackground\\\":\\\"#3a3d41\\\",\\\"widget.border\\\":\\\"#303031\\\",\\\"actionBar.toggledBackground\\\":\\\"#383a49\\\"},\\\"watch\\\":false}\"},\"extensionTips/promptedExecutableTips\":{\"version\":1,\"value\":\"{\\\"wsl\\\":[\\\"ms-vscode-remote.remote-wsl\\\"],\\\"docker\\\":[\\\"ms-azuretools.vscode-docker\\\",\\\"ms-vscode-remote.remote-containers\\\"]}\"},\"workbench.view.remote.state.hidden\":{\"version\":1,\"value\":\"[{\\\"id\\\":\\\"targetsWsl\\\",\\\"isHidden\\\":false},{\\\"id\\\":\\\"~remote.helpPanel\\\",\\\"isHidden\\\":false},{\\\"id\\\":\\\"targetsContainers\\\",\\\"isHidden\\\":false},{\\\"id\\\":\\\"detailsContainers\\\",\\\"isHidden\\\":false},{\\\"id\\\":\\\"devVolumes\\\",\\\"isHidden\\\":false}]\"},\"workbench.welcomePage.walkthroughMetadata\":{\"version\":1,\"value\":\"[[\\\"ms-vscode-remote.remote-wsl#wslWalkthrough\\\",{\\\"firstSeen\\\":1710346569728,\\\"stepIDs\\\":[\\\"explore.commands\\\",\\\"open.wslwindow\\\",\\\"create.project\\\",\\\"open.project\\\",\\\"linux.environment\\\",\\\"install.tools\\\",\\\"run.debug\\\",\\\"come.back\\\"],\\\"manaullyOpened\\\":false}],[\\\"ms-python.python#pythonWelcome\\\",{\\\"firstSeen\\\":1713176055461,\\\"stepIDs\\\":[\\\"python.createPythonFile\\\",\\\"python.installPythonWin8\\\",\\\"python.installPythonMac\\\",\\\"python.installPythonLinux\\\",\\\"python.selectInterpreter\\\",\\\"python.createEnvironment\\\",\\\"python.runAndDebug\\\",\\\"python.learnMoreWithDS\\\"],\\\"manaullyOpened\\\":false}],[\\\"ms-python.python#pythonWelcome2\\\",{\\\"firstSeen\\\":1713176055461,\\\"stepIDs\\\":[\\\"python.createPythonFolder\\\",\\\"python.createPythonFile\\\",\\\"python.installPythonWin8\\\",\\\"python.installPythonMac\\\",\\\"python.installPythonLinux\\\",\\\"python.createEnvironment2\\\",\\\"python.runAndDebug\\\",\\\"python.learnMoreWithDS2\\\"],\\\"manaullyOpened\\\":false}],[\\\"ms-python.python#pythonDataScienceWelcome\\\",{\\\"firstSeen\\\":1713176055461,\\\"stepIDs\\\":[\\\"python.installJupyterExt\\\",\\\"python.createNewNotebook\\\",\\\"python.openInteractiveWindow\\\",\\\"python.dataScienceLearnMore\\\"],\\\"manaullyOpened\\\":false}],[\\\"ms-azuretools.vscode-docker#dockerStart\\\",{\\\"firstSeen\\\":1713177210107,\\\"stepIDs\\\":[\\\"openFolder\\\",\\\"openFolderMac\\\",\\\"scaffold\\\",\\\"buildImage\\\",\\\"runContainer\\\",\\\"dockerExplorer\\\",\\\"pushImage\\\",\\\"azDeploy\\\",\\\"learn\\\"],\\\"manaullyOpened\\\":false}],[\\\"alefragnani.project-manager#projectManagerWelcome\\\",{\\\"firstSeen\\\":1714410844449,\\\"stepIDs\\\":[\\\"saveYourFavoriteProjects\\\",\\\"autoDetectGitRepositories\\\",\\\"findAndOpenProjects\\\",\\\"organizeWithTags\\\",\\\"exclusiveSideBar\\\",\\\"workingWithRemotes\\\"],\\\"manaullyOpened\\\":false}],[\\\"eamodio.gitlens#welcome\\\",{\\\"firstSeen\\\":1717125368903,\\\"stepIDs\\\":[\\\"get-started\\\",\\\"core-features\\\",\\\"pro-features\\\",\\\"pro-trial\\\",\\\"pro-upgrade\\\",\\\"pro-reactivate\\\",\\\"pro-paid\\\",\\\"visualize\\\",\\\"launchpad\\\",\\\"code-collab\\\",\\\"integrations\\\",\\\"more\\\"],\\\"manaullyOpened\\\":false}]]\"},\"remote.explorerType\":{\"version\":1,\"value\":\"wsl\"},\"workbench.panel.alignment\":{\"version\":1,\"value\":\"center\"},\"workbench.activityBar.location\":{\"version\":1,\"value\":\"default\"},\"ces/skipSurvey\":{\"version\":1,\"value\":\"1.87.2\"},\"cpp.1.lastSessionDate\":{\"version\":1,\"value\":\"Sat Jun 22 2024\"},\"cpp.1.sessionCount\":{\"version\":1,\"value\":\"24\"},\"java.2.lastSessionDate\":{\"version\":1,\"value\":\"Sat Jun 22 2024\"},\"java.2.sessionCount\":{\"version\":1,\"value\":\"24\"},\"javascript.1.lastSessionDate\":{\"version\":1,\"value\":\"Sat Jun 22 2024\"},\"javascript.1.sessionCount\":{\"version\":1,\"value\":\"24\"},\"typescript.1.lastSessionDate\":{\"version\":1,\"value\":\"Sat Jun 22 2024\"},\"typescript.1.sessionCount\":{\"version\":1,\"value\":\"24\"},\"csharp.1.lastSessionDate\":{\"version\":1,\"value\":\"Sat Jun 22 2024\"},\"csharp.1.sessionCount\":{\"version\":1,\"value\":\"24\"},\"workbench.view.extension.test.state.hidden\":{\"version\":1,\"value\":\"[{\\\"id\\\":\\\"workbench.view.testing\\\",\\\"isHidden\\\":false},{\\\"id\\\":\\\"workbench.view.testCoverage\\\",\\\"isHidden\\\":false}]\"},\"workbench.view.extension.dockerView.state.hidden\":{\"version\":1,\"value\":\"[{\\\"id\\\":\\\"dockerContainers\\\",\\\"isHidden\\\":false},{\\\"id\\\":\\\"dockerImages\\\",\\\"isHidden\\\":false},{\\\"id\\\":\\\"dockerRegistries\\\",\\\"isHidden\\\":false},{\\\"id\\\":\\\"dockerNetworks\\\",\\\"isHidden\\\":false},{\\\"id\\\":\\\"dockerVolumes\\\",\\\"isHidden\\\":false},{\\\"id\\\":\\\"vscode-docker.views.dockerContexts\\\",\\\"isHidden\\\":false},{\\\"id\\\":\\\"vscode-docker.views.help\\\",\\\"isHidden\\\":false}]\"},\"memento/workbench.editor.keybindings\":{\"version\":1,\"value\":\"{\\\"searchHistory\\\":[\\\"github.com/sublimetext/tag\\\",\\\"(github.com/su\\\",\\\"(github.com/sublimetext/tag\\\",\\\"(github.com/sublimetex\\\",\\\"(github\\\",\\\"V\\\",\\\"tr\\\",\\\"tra\\\",\\\"t\\\",\\\"e\\\",\\\"ex\\\",\\\"ext\\\",\\\"exte\\\",\\\"exten\\\",\\\"extens\\\",\\\"extensi\\\",\\\"extension\\\",\\\"extension \\\",\\\"extension tr\\\",\\\"extension tra\\\",\\\"\\\\\\\"Control+/\\\\\\\"\\\"]}\"},\"workbench.view.extension.project-manager.state.hidden\":{\"version\":1,\"value\":\"[{\\\"id\\\":\\\"projectsExplorerFavorites\\\",\\\"isHidden\\\":false},{\\\"id\\\":\\\"projectsExplorerGit\\\",\\\"isHidden\\\":false},{\\\"id\\\":\\\"projectsExplorerSVN\\\",\\\"isHidden\\\":false},{\\\"id\\\":\\\"projectsExplorerAny\\\",\\\"isHidden\\\":false},{\\\"id\\\":\\\"projectsExplorerMercurial\\\",\\\"isHidden\\\":false},{\\\"id\\\":\\\"projectsExplorerVSCode\\\",\\\"isHidden\\\":false},{\\\"id\\\":\\\"projectManagerHelpAndFeedback\\\",\\\"isHidden\\\":false}]\"},\"commandPalette.mru.cache\":{\"version\":1,\"value\":\"{\\\"usesLRU\\\":true,\\\"entries\\\":[{\\\"key\\\":\\\"workbench.action.openRawDefaultSettings\\\",\\\"value\\\":1},{\\\"key\\\":\\\"cSpellExt_portuguese-brazilian.enablePortuguese_brazilian\\\",\\\"value\\\":3},{\\\"key\\\":\\\"cSpellExt_russian.enableRussian\\\",\\\"value\\\":5},{\\\"key\\\":\\\"cSpellExt_russian.enableRussianWorkspace\\\",\\\"value\\\":6},{\\\"key\\\":\\\"syncSettings.openProfileSettings\\\",\\\"value\\\":7},{\\\"key\\\":\\\"syncSettings.openSettings\\\",\\\"value\\\":8},{\\\"key\\\":\\\"syncSettings.upload\\\",\\\"value\\\":9},{\\\"key\\\":\\\"workbench.userDataSync.actions.downloadSyncActivity\\\",\\\"value\\\":11},{\\\"key\\\":\\\"git.sync\\\",\\\"value\\\":12},{\\\"key\\\":\\\"python.setInterpreter\\\",\\\"value\\\":14},{\\\"key\\\":\\\"workbench.action.openSettingsJson\\\",\\\"value\\\":15}]}\"},\"commandPalette.mru.counter\":{\"version\":1,\"value\":\"16\"},\"nps/isCandidate\":{\"version\":1,\"value\":\"false\"},\"nps/skipVersion\":{\"version\":1,\"value\":\"1.88.1\"},\"workbench.view.extension.gitlens.state.hidden\":{\"version\":1,\"value\":\"[{\\\"id\\\":\\\"gitlens.views.home\\\",\\\"isHidden\\\":false},{\\\"id\\\":\\\"gitlens.views.drafts\\\",\\\"isHidden\\\":false},{\\\"id\\\":\\\"gitlens.views.workspaces\\\",\\\"isHidden\\\":false},{\\\"id\\\":\\\"gitlens.views.account\\\",\\\"isHidden\\\":false}]\"},\"workbench.view.extension.gitlensInspect.state.hidden\":{\"version\":1,\"value\":\"[{\\\"id\\\":\\\"gitlens.views.commitDetails\\\",\\\"isHidden\\\":false},{\\\"id\\\":\\\"gitlens.views.lineHistory\\\",\\\"isHidden\\\":false},{\\\"id\\\":\\\"gitlens.views.fileHistory\\\",\\\"isHidden\\\":false},{\\\"id\\\":\\\"gitlens.views.timeline\\\",\\\"isHidden\\\":false},{\\\"id\\\":\\\"gitlens.views.searchAndCompare\\\",\\\"isHidden\\\":false},{\\\"id\\\":\\\"gitlens.views.pullRequest\\\",\\\"isHidden\\\":false}]\"},\"workbench.view.extension.gitlensPanel.state.hidden\":{\"version\":1,\"value\":\"[{\\\"id\\\":\\\"gitlens.views.graph\\\",\\\"isHidden\\\":true,\\\"order\\\":1},{\\\"id\\\":\\\"gitlens.views.graphDetails\\\",\\\"isHidden\\\":true,\\\"order\\\":2},{\\\"id\\\":\\\"terminal\\\",\\\"isHidden\\\":false,\\\"order\\\":0}]\"},\"terminal.integrated.showTerminalConfigPrompt\":{\"version\":1,\"value\":\"false\"},\"workbench.view.extension.github-cweijan-mysql.state.hidden\":{\"version\":1,\"value\":\"[{\\\"id\\\":\\\"github.cweijan.mysql\\\",\\\"isHidden\\\":false}]\"},\"workbench.view.extension.github-cweijan-nosql.state.hidden\":{\"version\":1,\"value\":\"[{\\\"id\\\":\\\"github.cweijan.nosql\\\",\\\"isHidden\\\":false}]\"},\"fileBasedRecommendations/promptedRecommendations\":{\"version\":1,\"value\":\"{\\\"plaintext\\\":[\\\"mechatroner.rainbow-csv\\\"]}\"},\"javascript.1.editedCount\":{\"version\":1,\"value\":\"3\"},\"javascript.1.editedDate\":{\"version\":1,\"value\":\"Fri Jun 21 2024\"},\"extensionsAssistant/deprecated\":{\"version\":1,\"value\":\"[\\\"hookyqr.beautify\\\"]\"},\"workbench.view.extension.gigacode.state.hidden\":{\"version\":1,\"value\":\"[{\\\"id\\\":\\\"sidebar\\\",\\\"isHidden\\\":false},{\\\"id\\\":\\\"chat\\\",\\\"isHidden\\\":false},{\\\"id\\\":\\\"search\\\",\\\"isHidden\\\":false}]\"},\"tabs-list-width-vertical\":{\"version\":1,\"value\":\"46\"},\"menu.hiddenCommands\":{\"version\":1,\"value\":\"{}\"},\"tabs-list-width-horizontal\":{\"version\":1,\"value\":\"46\"},\"views.customizations\":{\"version\":1,\"value\":\"{\\\"viewContainerLocations\\\":{},\\\"viewLocations\\\":{\\\"terminal\\\":\\\"workbench.view.extension.gitlensPanel\\\"},\\\"viewContainerBadgeEnablementStates\\\":{\\\"workbench.panel.repl\\\":false}}\"},\"workbench.view.extension.package-explorer.state.hidden\":{\"version\":1,\"value\":\"[{\\\"id\\\":\\\"workspaceEnvironments\\\",\\\"isHidden\\\":false},{\\\"id\\\":\\\"pythonEnvironments\\\",\\\"isHidden\\\":false}]\"}}}"}}