{"version":1,"resource":"file:///e%3A/SKILLFACTORY%20THE%20COURSE%20IS%20TESTING/%D0%A0%D0%95%D0%A8%D0%95%D0%9D%D0%98%D0%95%20%D0%97%D0%90%D0%94%D0%90%D0%A7/Resume/.git/COMMIT_EDITMSG","entries":[{"id":"faKU","timestamp":1714641957627},{"id":"E21x","timestamp":1714642109907},{"id":"SBDB","timestamp":1714642180865},{"id":"4SNa","timestamp":1714642354759},{"id":"0ZWb","timestamp":1714642601960},{"id":"BaxO","timestamp":1714642783562},{"id":"qBq7","timestamp":1714643140812},{"id":"4hHA","timestamp":1714643324254},{"id":"OayW","timestamp":1714643635365},{"id":"6cin","timestamp":1714643688795},{"id":"x1vw","timestamp":1714643731775},{"id":"BGlt","timestamp":1714644323502},{"id":"wTIT","timestamp":1714649841295},{"id":"I0L8","timestamp":1714650648528},{"id":"E3nc","timestamp":1714684934149},{"id":"ULJY","timestamp":1714685646847}]}