{"version":1,"resource":"file:///e%3A/SKILLFACTORY%20THE%20COURSE%20IS%20TESTING/%D0%A0%D0%95%D0%A8%D0%95%D0%9D%D0%98%D0%95%20%D0%97%D0%90%D0%94%D0%90%D0%A7/%D0%9B%D0%BE%D0%B3%D0%B8%D0%BD%D1%8B%20%D0%B8%20%D0%BF%D0%B0%D1%80%D0%BE%D0%BB%D0%B8%20%D0%A1%D0%BA%D0%B0%D0%BD%20%D0%98%D0%BD%D1%82%D0%B5%D1%80%D1%84%D0%B0%D0%BA%D1%81%20API%20-%20%D0%9B%D0%BE%D0%B3%D0%B8%D0%BD%D1%8B%20%D0%B8%20%D0%BF%D0%B0%D1%80%D0%BE%D0%BB%D0%B8.csv","entries":[{"id":"g7MQ.csv","timestamp":1716640760320},{"id":"OrjS.csv","timestamp":1716640846860},{"id":"dc0q.csv","timestamp":1716643075031},{"id":"OESi.csv","timestamp":1716643197337}]}