{"ref":"1a04692a-3a5e-4234-9128-b964827aad3e","syncData":{"version":1,"machineId":"751ae827-31bf-4dcd-8afc-d24bac408f59","content":"{\"my.code-snippets\":\"{\\n\\t// Place your global snippets here. Each snippet is defined under a snippet name and has a scope, prefix, body and \\n\\t// description. Add comma separated ids of the languages where the snippet is applicable in the scope field. If scope \\n\\t// is left empty or omitted, the snippet gets applied to all languages. The prefix is what is \\n\\t// used to trigger the snippet and the body will be expanded and inserted. Possible variables are: \\n\\t// $1, $2 for tab stops, $0 for the final cursor position, and ${1:label}, ${2:another} for placeholders. \\n\\t// Placeholders with the same ids are connected.\\n\\t// Example:\\n\\t// \\\"Print to console\\\": {\\n\\t// \\t\\\"scope\\\": \\\"javascript,typescript\\\",\\n\\t// \\t\\\"prefix\\\": \\\"log\\\",\\n\\t// \\t\\\"body\\\": [\\n\\t// \\t\\t\\\"console.log('$1');\\\",\\n\\t// \\t\\t\\\"$2\\\"\\n\\t// \\t],\\n\\t// \\t\\\"description\\\": \\\"Log output to console\\\"\\n\\t// }\\n}\"}"}}