{"version":1,"resource":"file:///e%3A/SKILLFACTORY%20THE%20COURSE%20IS%20TESTING/%D0%A0%D0%95%D0%A8%D0%95%D0%9D%D0%98%D0%95%20%D0%97%D0%90%D0%94%D0%90%D0%A7/LES_ITPRODUCT/docker-compose.yaml","entries":[{"id":"IDCv.yaml","timestamp":1716448293895},{"id":"UgGW.yaml","timestamp":1716448357419},{"id":"9Ozl.yaml","timestamp":1716448446476},{"id":"DB7s.yaml","timestamp":1716448479602},{"id":"34o4.yaml","timestamp":1716448500937},{"id":"QyJL.yaml","timestamp":1716448511374},{"id":"7WE3.yaml","timestamp":1716448550886},{"id":"R9yy.yaml","timestamp":1716448589228},{"id":"8eQo.yaml","timestamp":1716448606983},{"id":"rPB8.yaml","timestamp":1716448634187},{"id":"EMQ3.yaml","timestamp":1716448698469},{"id":"R4Gn.yaml","timestamp":1716448784004},{"id":"Jtgg.yaml","timestamp":1716448817381},{"id":"stTW.yaml","timestamp":1716448842777},{"id":"tCLB.yaml","source":"undoRedo.source","timestamp":1716448847201},{"id":"oDGX.yaml","timestamp":1716448910580},{"id":"9zBd.yaml","timestamp":1716448969547},{"id":"jowJ.yaml","timestamp":1716449646633},{"id":"RScm.yaml","timestamp":1716449669154}]}