{"version":1,"resource":"file:///e%3A/SKILLFACTORY%20THE%20COURSE%20IS%20TESTING/%D0%A0%D0%95%D0%A8%D0%95%D0%9D%D0%98%D0%95%20%D0%97%D0%90%D0%94%D0%90%D0%A7/Resume/index.html","entries":[{"id":"SiD1.html","timestamp":1714683088487},{"id":"4gE8.html","timestamp":1714683119998},{"id":"RHes.html","timestamp":1714683640053},{"id":"rpLU.html","source":"undoRedo.source","timestamp":1714683661681},{"id":"bw5D.html","timestamp":1714683686364},{"id":"UiYC.html","timestamp":1714683706892},{"id":"k5Kx.html","timestamp":1714683749758},{"id":"UBLj.html","source":"undoRedo.source","timestamp":1714683769607},{"id":"gvTK.html","timestamp":1714683790461},{"id":"5njS.html","timestamp":1714683859761},{"id":"wFmw.html","source":"undoRedo.source","timestamp":1714683869863},{"id":"GaNe.html","source":"undoRedo.source","timestamp":1714683923842},{"id":"WijO.html","timestamp":1714683946881},{"id":"XLAZ.html","timestamp":1714683959221},{"id":"1bRU.html","timestamp":1714683979615},{"id":"u0Cw.html","timestamp":1714684003882},{"id":"veQs.html","timestamp":1714684053038},{"id":"GGh8.html","timestamp":1714684080066},{"id":"RWjc.html","timestamp":1714684114465},{"id":"2zMR.html","timestamp":1714684140260},{"id":"ePNq.html","timestamp":1714684190813},{"id":"kigV.html","timestamp":1714684222910},{"id":"qiRk.html","source":"undoRedo.source","timestamp":1714684254404},{"id":"ihD4.html","timestamp":1714684284780},{"id":"7NQc.html","timestamp":1714684302205},{"id":"UlKf.html","timestamp":1714684329972},{"id":"iAPI.html","timestamp":1714684351173},{"id":"qAIu.html","timestamp":1714684431796},{"id":"tcHv.html","timestamp":1714684469255},{"id":"IiCV.html","timestamp":1714684516007},{"id":"yNTC.html","timestamp":1714684541124},{"id":"qmyt.html","timestamp":1714684551850},{"id":"2Sj2.html","timestamp":1714684607365},{"id":"mFfM.html","timestamp":1714684636007},{"id":"9if5.html","source":"undoRedo.source","timestamp":1714684663839},{"id":"qgPU.html","timestamp":1714684677785},{"id":"YgMt.html","source":"undoRedo.source","timestamp":1714684699684},{"id":"wBgT.html","timestamp":1714684752179},{"id":"FgiZ.html","timestamp":1714684797192},{"id":"OpTP.html","timestamp":1714684821944},{"id":"8Uvt.html","timestamp":1714684848387},{"id":"WrbD.html","timestamp":1714685368943},{"id":"IgGM.html","timestamp":1714685387807},{"id":"RgbS.html","timestamp":1714685399325},{"id":"yQN2.html","timestamp":1714685416811},{"id":"8RBL.html","source":"Workspace Edit","timestamp":1714685443157},{"id":"gKcT.html","timestamp":1714685480853},{"id":"SjqM.html","timestamp":1714685503905},{"id":"Ov6A.html","timestamp":1714685527387},{"id":"tT5q.html","timestamp":1714685594717}]}