{"ref":"3242a96f-b4ff-420c-bdfd-935a8ddd2f16","syncData":{"version":6,"machineId":"751ae827-31bf-4dcd-8afc-d24bac408f59","content":"[{\"identifier\":{\"id\":\"vscode.bat\"},\"preRelease\":false,\"version\":\"1.0.0\",\"pinned\":false},{\"identifier\":{\"id\":\"vscode.clojure\"},\"preRelease\":false,\"version\":\"1.0.0\",\"pinned\":false},{\"identifier\":{\"id\":\"vscode.coffeescript\"},\"preRelease\":false,\"version\":\"1.0.0\",\"pinned\":false},{\"identifier\":{\"id\":\"vscode.configuration-editing\"},\"preRelease\":false,\"version\":\"1.0.0\",\"pinned\":false},{\"identifier\":{\"id\":\"vscode.cpp\"},\"preRelease\":false,\"version\":\"1.0.0\",\"pinned\":false},{\"identifier\":{\"id\":\"vscode.csharp\"},\"preRelease\":false,\"version\":\"1.0.0\",\"pinned\":false},{\"identifier\":{\"id\":\"vscode.css\"},\"preRelease\":false,\"version\":\"1.0.0\",\"pinned\":false},{\"identifier\":{\"id\":\"vscode.css-language-features\"},\"preRelease\":false,\"version\":\"1.0.0\",\"pinned\":false},{\"identifier\":{\"id\":\"vscode.dart\"},\"preRelease\":false,\"version\":\"1.0.0\",\"pinned\":false},{\"identifier\":{\"id\":\"vscode.debug-auto-launch\"},\"preRelease\":false,\"version\":\"1.0.0\",\"pinned\":false},{\"identifier\":{\"id\":\"vscode.debug-server-ready\"},\"preRelease\":false,\"version\":\"1.0.0\",\"pinned\":false},{\"identifier\":{\"id\":\"vscode.diff\"},\"preRelease\":false,\"version\":\"1.0.0\",\"pinned\":false},{\"identifier\":{\"id\":\"vscode.docker\"},\"preRelease\":false,\"version\":\"1.0.0\",\"pinned\":false},{\"identifier\":{\"id\":\"vscode.emmet\"},\"preRelease\":false,\"version\":\"1.0.0\",\"pinned\":false},{\"identifier\":{\"id\":\"vscode.extension-editing\"},\"preRelease\":false,\"version\":\"1.0.0\",\"pinned\":false},{\"identifier\":{\"id\":\"vscode.fsharp\"},\"preRelease\":false,\"version\":\"1.0.0\",\"pinned\":false},{\"identifier\":{\"id\":\"vscode.git\"},\"preRelease\":false,\"version\":\"1.0.0\",\"pinned\":false},{\"identifier\":{\"id\":\"vscode.git-base\"},\"preRelease\":false,\"version\":\"1.0.0\",\"pinned\":false},{\"identifier\":{\"id\":\"vscode.github\"},\"preRelease\":false,\"version\":\"0.0.1\",\"pinned\":false},{\"identifier\":{\"id\":\"vscode.github-authentication\"},\"preRelease\":false,\"version\":\"0.0.2\",\"pinned\":false},{\"identifier\":{\"id\":\"vscode.go\"},\"preRelease\":false,\"version\":\"1.0.0\",\"pinned\":false},{\"identifier\":{\"id\":\"vscode.groovy\"},\"preRelease\":false,\"version\":\"1.0.0\",\"pinned\":false},{\"identifier\":{\"id\":\"vscode.grunt\"},\"preRelease\":false,\"version\":\"1.0.0\",\"pinned\":false},{\"identifier\":{\"id\":\"vscode.gulp\"},\"preRelease\":false,\"version\":\"1.0.0\",\"pinned\":false},{\"identifier\":{\"id\":\"vscode.handlebars\"},\"preRelease\":false,\"version\":\"1.0.0\",\"pinned\":false},{\"identifier\":{\"id\":\"vscode.hlsl\"},\"preRelease\":false,\"version\":\"1.0.0\",\"pinned\":false},{\"identifier\":{\"id\":\"vscode.html\"},\"preRelease\":false,\"version\":\"1.0.0\",\"pinned\":false},{\"identifier\":{\"id\":\"vscode.html-language-features\"},\"preRelease\":false,\"version\":\"1.0.0\",\"pinned\":false},{\"identifier\":{\"id\":\"vscode.ini\"},\"preRelease\":false,\"version\":\"1.0.0\",\"pinned\":false},{\"identifier\":{\"id\":\"vscode.ipynb\"},\"preRelease\":false,\"version\":\"1.0.0\",\"pinned\":false},{\"identifier\":{\"id\":\"vscode.jake\"},\"preRelease\":false,\"version\":\"1.0.0\",\"pinned\":false},{\"identifier\":{\"id\":\"vscode.java\"},\"preRelease\":false,\"version\":\"1.0.0\",\"pinned\":false},{\"identifier\":{\"id\":\"vscode.javascript\"},\"preRelease\":false,\"version\":\"1.0.0\",\"pinned\":false},{\"identifier\":{\"id\":\"vscode.json\"},\"preRelease\":false,\"version\":\"1.0.0\",\"pinned\":false},{\"identifier\":{\"id\":\"vscode.json-language-features\"},\"preRelease\":false,\"version\":\"1.0.0\",\"pinned\":false},{\"identifier\":{\"id\":\"vscode.julia\"},\"preRelease\":false,\"version\":\"1.0.0\",\"pinned\":false},{\"identifier\":{\"id\":\"vscode.latex\"},\"preRelease\":false,\"version\":\"1.0.0\",\"pinned\":false},{\"identifier\":{\"id\":\"vscode.less\"},\"preRelease\":false,\"version\":\"1.0.0\",\"pinned\":false},{\"identifier\":{\"id\":\"vscode.log\"},\"preRelease\":false,\"version\":\"1.0.0\",\"pinned\":false},{\"identifier\":{\"id\":\"vscode.lua\"},\"preRelease\":false,\"version\":\"1.0.0\",\"pinned\":false},{\"identifier\":{\"id\":\"vscode.make\"},\"preRelease\":false,\"version\":\"1.0.0\",\"pinned\":false},{\"identifier\":{\"id\":\"vscode.markdown\"},\"preRelease\":false,\"version\":\"1.0.0\",\"pinned\":false},{\"identifier\":{\"id\":\"vscode.markdown-language-features\"},\"preRelease\":false,\"version\":\"1.0.0\",\"pinned\":false},{\"identifier\":{\"id\":\"vscode.markdown-math\"},\"preRelease\":false,\"version\":\"1.0.0\",\"pinned\":false},{\"identifier\":{\"id\":\"vscode.media-preview\"},\"preRelease\":false,\"version\":\"1.0.0\",\"pinned\":false},{\"identifier\":{\"id\":\"vscode.merge-conflict\"},\"preRelease\":false,\"version\":\"1.0.0\",\"pinned\":false},{\"identifier\":{\"id\":\"vscode.microsoft-authentication\"},\"preRelease\":false,\"version\":\"0.0.1\",\"pinned\":false},{\"identifier\":{\"id\":\"ms-vscode.js-debug\",\"uuid\":\"25629058-ddac-4e17-abba-74678e126c5d\"},\"preRelease\":false,\"version\":\"1.87.0\",\"pinned\":false},{\"identifier\":{\"id\":\"ms-vscode.js-debug-companion\",\"uuid\":\"99cb0b7f-7354-4278-b8da-6cc79972169d\"},\"preRelease\":false,\"version\":\"1.1.2\",\"pinned\":false},{\"identifier\":{\"id\":\"ms-vscode.vscode-js-profile-table\",\"uuid\":\"7e52b41b-71ad-457b-ab7e-0620f1fc4feb\"},\"preRelease\":false,\"version\":\"1.0.8\",\"pinned\":false},{\"identifier\":{\"id\":\"vscode.builtin-notebook-renderers\"},\"preRelease\":false,\"version\":\"1.0.0\",\"pinned\":false},{\"identifier\":{\"id\":\"vscode.npm\"},\"preRelease\":false,\"version\":\"1.0.1\",\"pinned\":false},{\"identifier\":{\"id\":\"vscode.objective-c\"},\"preRelease\":false,\"version\":\"1.0.0\",\"pinned\":false},{\"identifier\":{\"id\":\"vscode.perl\"},\"preRelease\":false,\"version\":\"1.0.0\",\"pinned\":false},{\"identifier\":{\"id\":\"vscode.php\"},\"preRelease\":false,\"version\":\"1.0.0\",\"pinned\":false},{\"identifier\":{\"id\":\"vscode.php-language-features\"},\"preRelease\":false,\"version\":\"1.0.0\",\"pinned\":false},{\"identifier\":{\"id\":\"vscode.powershell\"},\"preRelease\":false,\"version\":\"1.0.0\",\"pinned\":false},{\"identifier\":{\"id\":\"vscode.pug\"},\"preRelease\":false,\"version\":\"1.0.0\",\"pinned\":false},{\"identifier\":{\"id\":\"vscode.python\"},\"preRelease\":false,\"version\":\"1.0.0\",\"pinned\":false},{\"identifier\":{\"id\":\"vscode.r\"},\"preRelease\":false,\"version\":\"1.0.0\",\"pinned\":false},{\"identifier\":{\"id\":\"vscode.razor\"},\"preRelease\":false,\"version\":\"1.0.0\",\"pinned\":false},{\"identifier\":{\"id\":\"vscode.references-view\"},\"preRelease\":false,\"version\":\"1.0.0\",\"pinned\":false},{\"identifier\":{\"id\":\"vscode.restructuredtext\"},\"preRelease\":false,\"version\":\"1.0.0\",\"pinned\":false},{\"identifier\":{\"id\":\"vscode.ruby\"},\"preRelease\":false,\"version\":\"1.0.0\",\"pinned\":false},{\"identifier\":{\"id\":\"vscode.rust\"},\"preRelease\":false,\"version\":\"1.0.0\",\"pinned\":false},{\"identifier\":{\"id\":\"vscode.scss\"},\"preRelease\":false,\"version\":\"1.0.0\",\"pinned\":false},{\"identifier\":{\"id\":\"vscode.search-result\"},\"preRelease\":false,\"version\":\"1.0.0\",\"pinned\":false},{\"identifier\":{\"id\":\"vscode.shaderlab\"},\"preRelease\":false,\"version\":\"1.0.0\",\"pinned\":false},{\"identifier\":{\"id\":\"vscode.shellscript\"},\"preRelease\":false,\"version\":\"1.0.0\",\"pinned\":false},{\"identifier\":{\"id\":\"vscode.simple-browser\"},\"preRelease\":false,\"version\":\"1.0.0\",\"pinned\":false},{\"identifier\":{\"id\":\"vscode.sql\"},\"preRelease\":false,\"version\":\"1.0.0\",\"pinned\":false},{\"identifier\":{\"id\":\"vscode.swift\"},\"preRelease\":false,\"version\":\"1.0.0\",\"pinned\":false},{\"identifier\":{\"id\":\"vscode.theme-abyss\"},\"preRelease\":false,\"version\":\"1.0.0\",\"pinned\":false},{\"identifier\":{\"id\":\"vscode.theme-defaults\"},\"preRelease\":false,\"version\":\"1.0.0\",\"pinned\":false},{\"identifier\":{\"id\":\"vscode.theme-kimbie-dark\"},\"preRelease\":false,\"version\":\"1.0.0\",\"pinned\":false},{\"identifier\":{\"id\":\"vscode.theme-monokai\"},\"preRelease\":false,\"version\":\"1.0.0\",\"pinned\":false},{\"identifier\":{\"id\":\"vscode.theme-monokai-dimmed\"},\"preRelease\":false,\"version\":\"1.0.0\",\"pinned\":false},{\"identifier\":{\"id\":\"vscode.theme-quietlight\"},\"preRelease\":false,\"version\":\"1.0.0\",\"pinned\":false},{\"identifier\":{\"id\":\"vscode.theme-red\"},\"preRelease\":false,\"version\":\"1.0.0\",\"pinned\":false},{\"identifier\":{\"id\":\"vscode.vscode-theme-seti\"},\"preRelease\":false,\"version\":\"1.0.0\",\"pinned\":false},{\"identifier\":{\"id\":\"vscode.theme-solarized-dark\"},\"preRelease\":false,\"version\":\"1.0.0\",\"pinned\":false},{\"identifier\":{\"id\":\"vscode.theme-solarized-light\"},\"preRelease\":false,\"version\":\"1.0.0\",\"pinned\":false},{\"identifier\":{\"id\":\"vscode.theme-tomorrow-night-blue\"},\"preRelease\":false,\"version\":\"1.0.0\",\"pinned\":false},{\"identifier\":{\"id\":\"vscode.tunnel-forwarding\"},\"preRelease\":false,\"version\":\"1.0.0\",\"pinned\":false},{\"identifier\":{\"id\":\"vscode.typescript\"},\"preRelease\":false,\"version\":\"1.0.0\",\"pinned\":false},{\"identifier\":{\"id\":\"vscode.typescript-language-features\"},\"preRelease\":false,\"version\":\"1.0.0\",\"pinned\":false},{\"identifier\":{\"id\":\"vscode.vb\"},\"preRelease\":false,\"version\":\"1.0.0\",\"pinned\":false},{\"identifier\":{\"id\":\"vscode.xml\"},\"preRelease\":false,\"version\":\"1.0.0\",\"pinned\":false},{\"identifier\":{\"id\":\"vscode.yaml\"},\"preRelease\":false,\"version\":\"1.0.0\",\"pinned\":false},{\"identifier\":{\"id\":\"ms-vscode-remote.remote-wsl\",\"uuid\":\"f0c5397b-d357-4197-99f0-cb4202f22818\"},\"preRelease\":false,\"version\":\"0.86.0\",\"pinned\":false,\"installed\":true},{\"identifier\":{\"id\":\"ritwickdey.liveserver\",\"uuid\":\"b63c44fd-0457-4696-99e9-dbfdf70d77de\"},\"preRelease\":false,\"version\":\"5.7.9\",\"pinned\":false,\"installed\":true,\"state\":{\"liveServer.setup.version\":\"5.7.9\"}},{\"identifier\":{\"id\":\"ms-python.debugpy\",\"uuid\":\"4bd5d2c9-9d65-401a-b0b2-7498d9f17615\"},\"preRelease\":false,\"version\":\"2024.2.0\",\"pinned\":false,\"installed\":true},{\"identifier\":{\"id\":\"ms-python.python\",\"uuid\":\"f1f59ae4-9318-4f3c-a9b5-81b2eaa5f8a5\"},\"preRelease\":false,\"version\":\"2024.2.1\",\"pinned\":false,\"installed\":true},{\"identifier\":{\"id\":\"ms-python.vscode-pylance\",\"uuid\":\"364d2426-116a-433a-a5d8-a5098dc3afbd\"},\"preRelease\":false,\"version\":\"2024.3.1\",\"pinned\":false,\"installed\":true},{\"identifier\":{\"id\":\"syler.sass-indented\",\"uuid\":\"466468c3-1861-4ad1-bf3e-f9ad46545ebb\"},\"preRelease\":false,\"version\":\"1.8.29\",\"pinned\":false,\"installed\":true},{\"identifier\":{\"id\":\"ms-azuretools.vscode-docker\",\"uuid\":\"0479fc1c-3d67-49f9-b087-fb9069afe48f\"},\"preRelease\":false,\"version\":\"1.29.0\",\"pinned\":false,\"installed\":true},{\"identifier\":{\"id\":\"ms-vscode-remote.remote-containers\",\"uuid\":\"93ce222b-5f6f-49b7-9ab1-a0463c6238df\"},\"preRelease\":false,\"version\":\"0.354.0\",\"pinned\":false,\"installed\":true},{\"identifier\":{\"id\":\"glenn2223.live-sass\",\"uuid\":\"137c3643-510d-4a1f-a737-793c72e8b411\"},\"preRelease\":false,\"version\":\"6.1.2\",\"pinned\":false,\"installed\":true},{\"identifier\":{\"id\":\"esbenp.prettier-vscode\",\"uuid\":\"96fa4707-6983-4489-b7c5-d5ffdfdcce90\"},\"preRelease\":false,\"version\":\"10.4.0\",\"pinned\":false,\"installed\":true},{\"identifier\":{\"id\":\"space-ocean-kit-refined.space-ocean-kit-refined\",\"uuid\":\"ec2f2533-ff98-49dd-b1c2-21e050b3fcb1\"},\"preRelease\":false,\"version\":\"0.3.1\",\"pinned\":false,\"installed\":true},{\"identifier\":{\"id\":\"lakshits11.fresh-material-theme\",\"uuid\":\"a10b597c-8fd1-474a-a9cc-c72f0943c156\"},\"preRelease\":false,\"version\":\"0.0.3\",\"pinned\":false,\"installed\":true},{\"identifier\":{\"id\":\"mrmlnc.vscode-scss\",\"uuid\":\"beb68b20-7c55-471c-9b63-3486f9423566\"},\"preRelease\":false,\"version\":\"0.10.0\",\"pinned\":false,\"installed\":true},{\"identifier\":{\"id\":\"sibiraj-s.vscode-scss-formatter\",\"uuid\":\"01708053-6fab-403f-9787-9d5f3d8f7d6a\"},\"preRelease\":false,\"version\":\"3.0.0\",\"pinned\":false,\"installed\":true},{\"identifier\":{\"id\":\"formulahendry.auto-complete-tag\",\"uuid\":\"366a9f01-2d1b-48b9-b7df-014ff8dea46b\"},\"preRelease\":false,\"version\":\"0.1.0\",\"pinned\":false,\"installed\":true},{\"identifier\":{\"id\":\"formulahendry.auto-close-tag\",\"uuid\":\"d3836729-9cc1-42c1-b2af-d50071f57d29\"},\"preRelease\":false,\"version\":\"0.5.15\",\"pinned\":false,\"installed\":true},{\"identifier\":{\"id\":\"formulahendry.auto-rename-tag\",\"uuid\":\"6e440e71-8ed9-4f25-bb78-4b13096b8a03\"},\"preRelease\":false,\"version\":\"0.1.10\",\"pinned\":false,\"installed\":true},{\"identifier\":{\"id\":\"bracketpaircolordlw.bracket-pair-color-dlw\",\"uuid\":\"0dedb7c6-8c0a-4eb3-a66e-28f110e24973\"},\"preRelease\":false,\"version\":\"0.0.6\",\"pinned\":false,\"installed\":true},{\"identifier\":{\"id\":\"oderwat.indent-rainbow\",\"uuid\":\"eaa2127d-cb69-4ab9-8505-a60c9ee5f28b\"},\"preRelease\":false,\"version\":\"8.3.1\",\"pinned\":false,\"installed\":true},{\"identifier\":{\"id\":\"aaron-bond.better-comments\",\"uuid\":\"7a0110bb-231a-4598-aa1b-0769ea46d28b\"},\"preRelease\":false,\"version\":\"3.0.2\",\"pinned\":false,\"installed\":true},{\"identifier\":{\"id\":\"box-of-hats.bemhelper\",\"uuid\":\"497ad7f8-dc67-422b-ad62-258d31f76728\"},\"preRelease\":false,\"version\":\"1.4.5\",\"pinned\":false,\"installed\":true},{\"identifier\":{\"id\":\"diz.ecsstractor-port\",\"uuid\":\"4cddf035-c6d4-49a5-961e-dbc89ebd1e58\"},\"preRelease\":false,\"version\":\"0.0.3\",\"pinned\":false,\"installed\":true},{\"identifier\":{\"id\":\"pucelle.vscode-css-navigation\",\"uuid\":\"f97a6398-d553-44cf-9ebf-54e8dbf8d3fb\"},\"preRelease\":false,\"version\":\"1.14.1\",\"pinned\":false,\"installed\":true},{\"identifier\":{\"id\":\"kisstkondoros.vscode-gutter-preview\",\"uuid\":\"eedfd044-d5ac-4389-973d-3ac1fdb98ad5\"},\"preRelease\":false,\"version\":\"0.30.0\",\"pinned\":false,\"installed\":true},{\"identifier\":{\"id\":\"funkyremi.vscode-google-translate\",\"uuid\":\"50134257-3dbb-4e6d-a67f-a7fd3632d86b\"},\"preRelease\":false,\"version\":\"1.4.13\",\"pinned\":false,\"installed\":true},{\"identifier\":{\"id\":\"alefragnani.project-manager\",\"uuid\":\"1b747f06-3789-4ebd-ac99-f1fe430c3347\"},\"preRelease\":false,\"version\":\"12.8.0\",\"pinned\":false,\"installed\":true,\"state\":{\"project-manager.version\":\"12.8.0\"}},{\"identifier\":{\"id\":\"wscats.cors-browser\",\"uuid\":\"ab2f9db1-4b20-4f44-b4eb-17ca5a2cb0cf\"},\"preRelease\":false,\"version\":\"1.0.11\",\"pinned\":false,\"installed\":true},{\"identifier\":{\"id\":\"george-alisson.html-preview-vscode\",\"uuid\":\"18b0ddc7-5d9c-4604-a7fa-10e66a2cb10d\"},\"preRelease\":false,\"version\":\"0.2.5\",\"pinned\":false,\"installed\":true},{\"identifier\":{\"id\":\"pkief.material-icon-theme\",\"uuid\":\"5db78037-f674-459f-a236-db622c427c5b\"},\"preRelease\":false,\"version\":\"5.1.0\",\"pinned\":false,\"disabled\":true,\"installed\":true},{\"identifier\":{\"id\":\"streetsidesoftware.code-spell-checker\",\"uuid\":\"f6dbd813-b0a0-42c1-90ea-10dde9d925a7\"},\"preRelease\":false,\"version\":\"3.0.1\",\"pinned\":false,\"installed\":true},{\"identifier\":{\"id\":\"streetsidesoftware.code-spell-checker-russian\",\"uuid\":\"1ad9763e-4b6c-4eb4-b7af-2e5f0fdaaccb\"},\"preRelease\":false,\"version\":\"2.2.2\",\"pinned\":false,\"installed\":true},{\"identifier\":{\"id\":\"vincaslt.highlight-matching-tag\",\"uuid\":\"aae00486-7e92-42b3-91b0-2b419e4f3875\"},\"preRelease\":false,\"version\":\"0.11.0\",\"pinned\":false,\"installed\":true},{\"identifier\":{\"id\":\"zokugun.sync-settings\",\"uuid\":\"96e8e36b-03bd-44a6-b158-b7ad48d2e58f\"},\"preRelease\":false,\"version\":\"0.16.0\",\"pinned\":false,\"installed\":true,\"state\":{\"version\":\"0.16.0\"}},{\"identifier\":{\"id\":\"katsute.settings-repository\",\"uuid\":\"dc0c1188-c7d7-4267-bf2e-5052430a62a7\"},\"preRelease\":false,\"version\":\"1.0.9\",\"pinned\":false,\"installed\":true},{\"identifier\":{\"id\":\"vscode-icons-team.vscode-icons\",\"uuid\":\"9ccc1dd7-7ec4-4a46-bd4f-7d7b8b9d322a\"},\"preRelease\":false,\"version\":\"12.7.0\",\"pinned\":false,\"installed\":true},{\"identifier\":{\"id\":\"htmlhint.vscode-htmlhint\",\"uuid\":\"d0a9daff-de6d-4669-a30b-14a49a1a17e0\"},\"preRelease\":false,\"version\":\"1.0.5\",\"pinned\":false,\"installed\":true},{\"identifier\":{\"id\":\"cweijan.dbclient-jdbc\",\"uuid\":\"1fe0d785-8db6-44ef-8113-cb0d98a88473\"},\"preRelease\":false,\"version\":\"1.3.5\",\"pinned\":false,\"installed\":true},{\"identifier\":{\"id\":\"cweijan.vscode-postgresql-client2\",\"uuid\":\"79ec8a75-6869-4959-9477-348da39430be\"},\"preRelease\":false,\"version\":\"7.5.1\",\"pinned\":false,\"installed\":true,\"state\":{\"version_map\":{\"1716450313692\":\"16.3\"}}},{\"identifier\":{\"id\":\"redhat.vscode-yaml\",\"uuid\":\"2061917f-f76a-458a-8da9-f162de22b97e\"},\"preRelease\":false,\"version\":\"1.14.0\",\"pinned\":false,\"installed\":true},{\"identifier\":{\"id\":\"mechatroner.rainbow-csv\",\"uuid\":\"3792588c-3d35-442d-91ea-fe6a755e8155\"},\"preRelease\":false,\"version\":\"3.12.0\",\"pinned\":false,\"installed\":true},{\"identifier\":{\"id\":\"tomphilbin.lodash-snippets\",\"uuid\":\"fa397681-1503-4294-8cc6-8a4f826d32e2\"},\"preRelease\":false,\"version\":\"1.0.0\",\"pinned\":false,\"installed\":true},{\"identifier\":{\"id\":\"hookyqr.beautify\",\"uuid\":\"697255a9-3f36-44c8-b084-d3b91edfb23a\"},\"preRelease\":false,\"version\":\"1.5.0\",\"pinned\":false,\"installed\":true},{\"identifier\":{\"id\":\"formulahendry.code-runner\",\"uuid\":\"a6a0c5b2-d078-4bf5-a9ee-4e37054414b3\"},\"preRelease\":false,\"version\":\"0.12.2\",\"pinned\":false,\"installed\":true},{\"identifier\":{\"id\":\"eamodio.gitlens\",\"uuid\":\"4de763bd-505d-4978-9575-2b7696ecf94e\"},\"preRelease\":false,\"version\":\"15.1.0\",\"pinned\":false,\"installed\":true,\"state\":{\"gitlens:views:welcome:visible\":true,\"gitlens:synced:version\":\"15.1.0\"}},{\"identifier\":{\"id\":\"wix.vscode-import-cost\",\"uuid\":\"c46b0018-f317-4b6c-a785-d2039b27338f\"},\"preRelease\":false,\"version\":\"3.3.0\",\"pinned\":false,\"installed\":true},{\"identifier\":{\"id\":\"xabikos.javascriptsnippets\",\"uuid\":\"a2cec723-5349-460d-9de9-0fd1f8d3456f\"},\"preRelease\":false,\"version\":\"1.8.0\",\"pinned\":false,\"installed\":true},{\"identifier\":{\"id\":\"slevesque.vscode-multiclip\",\"uuid\":\"5656e382-e596-43f1-9bfa-61dda3d36cd3\"},\"preRelease\":false,\"version\":\"0.1.5\",\"pinned\":false,\"installed\":true},{\"identifier\":{\"id\":\"ionutvmi.path-autocomplete\",\"uuid\":\"0d1241e3-fa60-4f24-8f2a-6d7085677c48\"},\"preRelease\":false,\"version\":\"1.25.0\",\"pinned\":false,\"installed\":true},{\"identifier\":{\"id\":\"xabikos.reactsnippets\",\"uuid\":\"c807e072-5951-4a01-9542-450f946c7ec1\"},\"preRelease\":false,\"version\":\"2.4.0\",\"pinned\":false,\"installed\":true},{\"identifier\":{\"id\":\"dbaeumer.vscode-eslint\",\"uuid\":\"583b2b34-2c1e-4634-8c0b-0b82e283ea3a\"},\"preRelease\":false,\"version\":\"2.4.4\",\"pinned\":false,\"installed\":true},{\"identifier\":{\"id\":\"atishay-jain.all-autocomplete\",\"uuid\":\"55c9a325-d650-4ab2-a952-3f3c6faba089\"},\"preRelease\":false,\"version\":\"0.0.26\",\"pinned\":false,\"installed\":true},{\"identifier\":{\"id\":\"zokugun.cron-tasks\",\"uuid\":\"b7bbbbd5-7a39-4312-87aa-ef6a41de67fb\"},\"preRelease\":false,\"version\":\"0.1.2\",\"pinned\":false,\"installed\":true},{\"identifier\":{\"id\":\"zokugun.vsix-manager\",\"uuid\":\"8f6c06c3-6eb7-46c8-898b-72d3057ebf45\"},\"preRelease\":false,\"version\":\"0.6.0\",\"pinned\":false,\"installed\":true},{\"identifier\":{\"id\":\"gigacode.gigacode-vscode\"},\"preRelease\":false,\"version\":\"1.6.241-ext\",\"pinned\":false,\"installed\":true},{\"identifier\":{\"id\":\"batisteo.vscode-django\",\"uuid\":\"4b41a5a8-170e-4156-b2c0-10efb270abbc\"},\"preRelease\":false,\"version\":\"1.15.0\",\"pinned\":false,\"installed\":true},{\"identifier\":{\"id\":\"donjayamanne.python-environment-manager\",\"uuid\":\"0c9f60fd-5588-42f7-9176-e80c3ae111ec\"},\"preRelease\":false,\"version\":\"1.2.4\",\"pinned\":false,\"installed\":true},{\"identifier\":{\"id\":\"donjayamanne.python-extension-pack\",\"uuid\":\"f5188937-53e0-45bb-a16d-61231003fa3b\"},\"preRelease\":false,\"version\":\"1.7.0\",\"pinned\":false,\"installed\":true},{\"identifier\":{\"id\":\"kevinrose.vsc-python-indent\",\"uuid\":\"f3cbfb84-b1e1-40ff-b70f-877253461260\"},\"preRelease\":false,\"version\":\"1.18.0\",\"pinned\":false,\"installed\":true},{\"identifier\":{\"id\":\"njpwerner.autodocstring\",\"uuid\":\"2d6fea35-f68e-461d-9b7b-5cd05be99451\"},\"preRelease\":false,\"version\":\"0.6.1\",\"pinned\":false,\"installed\":true},{\"identifier\":{\"id\":\"visualstudioexptteam.intellicode-api-usage-examples\",\"uuid\":\"9fa2a00e-3bfa-4c2a-abc4-a865bb2b5cf3\"},\"preRelease\":false,\"version\":\"0.2.8\",\"pinned\":false,\"installed\":true},{\"identifier\":{\"id\":\"visualstudioexptteam.vscodeintellicode\",\"uuid\":\"876e8f93-74d0-4f4f-91b7-34a09f19f444\"},\"preRelease\":false,\"version\":\"1.3.1\",\"pinned\":false,\"installed\":true},{\"identifier\":{\"id\":\"wholroyd.jinja\",\"uuid\":\"c941a679-d500-46a8-b2a9-208063125901\"},\"preRelease\":false,\"version\":\"0.0.8\",\"pinned\":false,\"installed\":true},{\"identifier\":{\"id\":\"ms-python.autopep8\",\"uuid\":\"5a21b0c3-89ca-46dd-8ada-658518fb94a5\"},\"preRelease\":false,\"version\":\"2024.0.0\",\"pinned\":false,\"installed\":true},{\"identifier\":{\"id\":\"ms-python.black-formatter\",\"uuid\":\"859e640c-c157-47da-8699-9080b81c8371\"},\"preRelease\":false,\"version\":\"2024.2.0\",\"pinned\":false,\"installed\":true},{\"identifier\":{\"id\":\"charliermarsh.ruff\",\"uuid\":\"c2ca9b43-fa38-44fc-928e-5125970b9c00\"},\"preRelease\":false,\"version\":\"2024.28.0\",\"pinned\":false,\"installed\":true},{\"identifier\":{\"id\":\"eeyore.yapf\",\"uuid\":\"0403a0b4-43f1-441a-807a-97c5e4f4606d\"},\"preRelease\":false,\"version\":\"2023.12.104100706\",\"pinned\":false,\"installed\":true},{\"identifier\":{\"id\":\"ms-python.isort\",\"uuid\":\"4ad0ce32-ff3f-49f0-83b5-93e5dc00cfff\"},\"preRelease\":false,\"version\":\"2023.10.1\",\"pinned\":false,\"installed\":true}]"}}