{"version":1,"resource":"vscode-userdata:/c%3A/Users/yuriy/AppData/Roaming/Code/User/settings.json","entries":[{"id":"Mmlo.json","timestamp":1710353339367},{"id":"3WyP.json","timestamp":1710353596136},{"id":"EAUp.json","timestamp":1710353843597},{"id":"qQTf.json","timestamp":1713177878085},{"id":"meRJ.json","timestamp":1713178195218},{"id":"EHge.json","timestamp":1713178207900},{"id":"yoFE.json","timestamp":1713178299810},{"id":"iE4i.json","timestamp":1713178371043},{"id":"uYtW.json","timestamp":1713178479009},{"id":"sdH2.json","timestamp":1714319763997},{"id":"GWtQ.json","timestamp":1714320724396},{"id":"7VhO.json","timestamp":1714320949316},{"id":"hhLk.json","timestamp":1714321124302},{"id":"JVUt.json","timestamp":1714321285419},{"id":"xqDs.json","timestamp":1714321531150},{"id":"sdvB.json","timestamp":1714321800052},{"id":"tUyG.json","timestamp":1714322209211},{"id":"kaWR.json","timestamp":1714322239495},{"id":"j9pc.json","timestamp":1714417787122},{"id":"hYCS.json","timestamp":1714417815098},{"id":"5n50.json","timestamp":1714417981850},{"id":"Bnb1.json","timestamp":1714422149161},{"id":"jY4G.json","timestamp":1714422326297},{"id":"fIM3.json","timestamp":1714424046079},{"id":"6eV3.json","timestamp":1714549400891},{"id":"iNCY.json","timestamp":1714549604354},{"id":"fpMF.json","timestamp":1714549623012},{"id":"XUr0.json","timestamp":1714634967656},{"id":"vqFw.json","timestamp":1714649638602},{"id":"WLdK.json","timestamp":1714650387673},{"id":"esG2.json","timestamp":1714650413908},{"id":"SvOF.json","timestamp":1714650786530},{"id":"hVzc.json","timestamp":1714650799155},{"id":"8nEm.json","timestamp":1714685613428},{"id":"gjsG.json","timestamp":1718981388594},{"id":"eatS.json","timestamp":1718981431522},{"id":"gBzc.json","timestamp":1718981448683},{"id":"kCxn.json","timestamp":1718981513497},{"id":"KFhX.json","timestamp":1718981711433},{"id":"v1dx.json","timestamp":1718983374644},{"id":"7gW9.json","timestamp":1718983675232},{"id":"V1mh.json","timestamp":1718984391382}]}