{
  "files.autoSave": "onWindowChange",
  "editor.wordWrap": "wordWrapColumn",
  "editor.formatOnSave": true,
  "liveSassCompile.settings.forceBaseDirectory": "",
  "liveSassCompile.settings.formats": [
    {
      "format": "expanded",
      "extensionName": ".css",
      "savePath": "/src/css"
    }
  ],
  "php.validate.executablePath": "",
  "workbench.colorTheme": "Material Fresh Theme 🍰",
  "editor.tabSize": 3,
  "editor.insertSpaces": false,
"editor.detectIndentation": false
}
