{"version":1,"resource":"file:///e%3A/SKILLFACTORY%20THE%20COURSE%20IS%20TESTING/%D0%A0%D0%95%D0%A8%D0%95%D0%9D%D0%98%D0%95%20%D0%97%D0%90%D0%94%D0%90%D0%A7/js-start/css/style.css","entries":[{"id":"6JyB.css","timestamp":1716908524682},{"id":"FsFn.css","timestamp":1716908536045},{"id":"s2Ev.css","timestamp":1716908572827},{"id":"KyPx.css","timestamp":1716908596228},{"id":"86v4.css","timestamp":1716908632247},{"id":"xv9W.css","timestamp":1716908711576},{"id":"SkPb.css","timestamp":1716908756986},{"id":"H5GD.css","timestamp":1716908781591},{"id":"wWvf.css","timestamp":1716908897794},{"id":"sMYd.css","timestamp":1716908974907},{"id":"k33L.css","timestamp":1716908999787},{"id":"GyaN.css","timestamp":1716909020100},{"id":"WEx8.css","timestamp":1716909076291},{"id":"Fiwc.css","timestamp":1716909134932},{"id":"WZEd.css","timestamp":1716909166883},{"id":"FXe2.css","timestamp":1716909386074},{"id":"tELI.css","timestamp":1716909419169},{"id":"gOH9.css","timestamp":1716909442027},{"id":"TB58.css","timestamp":1716909454083},{"id":"FAZ9.css","timestamp":1716909508732},{"id":"oxKK.css","timestamp":1716909572804},{"id":"T5HS.css","timestamp":1716909725070},{"id":"eVEj.css","timestamp":1716909867355},{"id":"VycJ.css","timestamp":1716909892678},{"id":"yNz3.css","timestamp":1716909916995},{"id":"0E5l.css","timestamp":1716909931789},{"id":"f9f7.css","timestamp":1716909955359},{"id":"iZBh.css","timestamp":1716909977422},{"id":"1jE2.css","timestamp":1716910044600},{"id":"jsSp.css","timestamp":1716910087551},{"id":"mSRu.css","timestamp":1716910123824},{"id":"70AA.css","timestamp":1716910185498},{"id":"IgUi.css","timestamp":1716910198635},{"id":"hXuW.css","timestamp":1716910209084},{"id":"2hd1.css","timestamp":1716910259562},{"id":"G2Az.css","timestamp":1716910339387},{"id":"XCjc.css","timestamp":1716910361126},{"id":"OHDZ.css","timestamp":1716910419195},{"id":"ZRmS.css","timestamp":1716910464355},{"id":"8bPC.css","timestamp":1716910538375},{"id":"ylsA.css","timestamp":1716910551583},{"id":"uET5.css","timestamp":1716910573553},{"id":"OjEv.css","timestamp":1716910607094},{"id":"gvOY.css","timestamp":1716910638169},{"id":"oQK0.css","timestamp":1716910704085},{"id":"3Onk.css","timestamp":1716910765585},{"id":"oUA7.css","timestamp":1716910802916},{"id":"V8m5.css","timestamp":1716910846376}]}